mol_id,smiles,A,B,C,mu,alpha,homo,lumo,gap,r2,zpve,u0,u298,h298,g298,cv,u0_atom,u298_atom,h298_atom,g298_atom
gdb_674,C1C2CCOC12,5.9367,4.46406,3.25447,1.3987,51.92,-0.2271,0.0914,0.3186,466.8514,0.121999,-270.417842,-270.412868,-270.411924,-270.445903,19.348,-1328.573977,-1337.895624,-1345.601434,-1237.679926
gdb_2238,CC12CC1CCO2,4.45208,2.72222,2.19008,1.2516,63.42,-0.2241,0.0887,0.3127,678.7449,0.149442,-309.715058,-309.708558,-309.707614,-309.744945,25.465,-1610.889022,-1621.919375,-1631.403546,-1498.642722
gdb_2240,CC12CC1OCC2,4.58747,2.60341,2.12855,1.4675,63.16,-0.2238,0.0895,0.3134,686.5542,0.14951,-309.711468,-309.70496,-309.704016,-309.741379,25.415,-1608.636264,-1619.661597,-1629.145768,-1496.405025
gdb_2247,OC12CC1OCC2,4.6898,2.67486,2.17646,2.3383,55.94,-0.2266,0.0755,0.302,641.0189,0.125807,-345.633122,-345.62692,-345.625976,-345.662734,24.294,-1423.140211,-1432.579829,-1440.878008,-1323.836285
gdb_2465,CC1CC2CC2O1,5.53741,2.28849,1.94851,1.3933,63.51,-0.2331,0.0885,0.3216,718.7505,0.149431,-309.711894,-309.70544,-309.704496,-309.742044,25.134,-1608.903583,-1619.962802,-1629.446973,-1496.822318
gdb_3367,CC1C2CCOC12,4.28113,2.54309,2.39665,1.4292,63.14,-0.2325,0.0855,0.318,671.7024,0.149928,-309.706892,-309.700356,-309.699412,-309.737153,24.848,-1605.764783,-1616.772546,-1626.256717,-1493.753172
gdb_3372,OC1C2CCOC12,4.35567,2.74084,2.56114,1.8339,55.6,-0.237,0.0763,0.3133,611.5821,0.126788,-345.631797,-345.62584,-345.624895,-345.661395,23.129,-1422.308762,-1431.902119,-1440.199671,-1322.99605
gdb_3445,CC1COC2CC12,4.37654,2.72342,2.0338,1.4629,62.63,-0.2268,0.0871,0.3139,691.3805,0.149842,-309.708282,-309.701884,-309.700939,-309.738208,25.026,-1606.637021,-1617.73138,-1627.214923,-1494.415194
gdb_3453,OC1COC2CC12,4.44274,2.80782,2.08059,1.4206,55.29,-0.2355,0.0702,0.3056,644.2851,0.126287,-345.631685,-345.62552,-345.624576,-345.661471,23.829,-1422.238481,-1431.701317,-1439.999496,-1323.043741
gdb_8153,CC1CC2(C)CC2O1,3.97466,1.62619,1.38376,1.4617,74.78,-0.2311,0.0894,0.3205,987.4731,0.177041,-349.005244,-348.997262,-348.996318,-349.037166,31.136,-1888.792677,-1901.559348,-1912.82188,-1755.325278
gdb_8154,CC1CC2(O)CC2O1,4.09481,1.6398,1.3984,1.9837,67.62,-0.2344,0.0769,0.3113,938.6745,0.153286,-384.927392,-384.919697,-384.918753,-384.959055,30.05,-1703.606614,-1714.775647,-1724.852186,-1583.091628
gdb_8156,CC1CC2CC2(C)O1,3.68034,1.72383,1.43322,1.2753,74.85,-0.2288,0.085,0.3137,969.7094,0.176963,-349.008651,-349.000656,-348.999712,-349.040589,31.217,-1890.930601,-1903.689114,-1914.951645,-1757.473241
gdb_8205,CC12CC1(C)OCC2,2.63045,2.38098,1.62315,1.3176,74.46,-0.2208,0.0845,0.3054,895.8697,0.176994,-349.008053,-348.999996,-348.999052,-349.039714,31.511,-1890.55535,-1903.274958,-1914.537489,-1756.924171
gdb_8208,CC12CC1(O)CCO2,2.71938,2.41114,1.66298,2.1437,67.34,-0.2226,0.0748,0.2974,846.523,0.153356,-384.930845,-384.923088,-384.922144,-384.962224,30.352,-1705.773402,-1716.90353,-1726.980069,-1585.080204
gdb_8425,CC1(C)CC2CC2O1,3.72008,1.70826,1.68751,1.3672,73.85,-0.2309,0.0823,0.3132,909.4975,0.176786,-349.00513,-348.997275,-348.99633,-349.036792,31.24,-1888.721141,-1901.567506,-1912.82941,-1755.09059
gdb_11035,CC12CC1C(O)CO2,4.05127,1.72606,1.44389,1.177,67.31,-0.2291,0.0665,0.2956,911.7136,0.153592,-384.927576,-384.919812,-384.918868,-384.95921,29.986,-1703.722076,-1714.84781,-1724.92435,-1583.188892
gdb_11041,CC1COC2(C)CC12,3.9733,1.68745,1.42435,1.3172,74.35,-0.2238,0.0876,0.3114,965.6374,0.177219,-349.005611,-348.997637,-348.996693,-349.03733,31.174,-1889.022973,-1901.794664,-1913.057195,-1755.42819
gdb_12006,CC1(C)COC2CC12,3.119,1.98572,1.73601,1.4087,73.19,-0.2267,0.0838,0.3105,880.1328,0.177339,-348.998873,-348.991103,-348.990159,-349.030208,31.033,-1884.794818,-1897.69452,-1908.957052,-1750.95907
gdb_12014,CC1(O)COC2CC12,3.23182,2.00409,1.75679,1.9428,66.31,-0.228,0.0668,0.2948,838.9731,0.153538,-384.925007,-384.917448,-384.916503,-384.956199,29.944,-1702.110005,-1713.364379,-1723.440291,-1581.299462
gdb_12878,CC12CCOC1C2O,2.65894,2.31161,1.73133,1.875,66.74,-0.2336,0.0796,0.3131,846.2159,0.154278,-384.925218,-384.917666,-384.916722,-384.956617,29.278,-1702.242409,-1713.501176,-1723.577715,-1581.561761
gdb_12880,CC12OCCC1C2O,2.58764,2.37176,1.79702,1.8781,66.9,-0.2334,0.0774,0.3108,838.0361,0.154254,-384.92912,-384.921582,-384.920638,-384.960478,29.321,-1704.690949,-1715.958501,-1726.035041,-1583.984573
gdb_12884,CC1C2CCOC12C,2.42474,2.37017,1.71505,1.3101,74.47,-0.228,0.0824,0.3104,898.1355,0.17735,-349.003619,-348.995499,-348.994554,-349.035668,31.032,-1887.772975,-1900.45305,-1911.714954,-1754.38527
gdb_12887,CC1C2OCCC12C,2.46258,2.31059,1.67211,1.4895,74.36,-0.2307,0.0876,0.3183,904.6027,0.177454,-349.000023,-348.991955,-348.991011,-349.031969,30.936,-1885.516453,-1898.229158,-1909.491689,-1752.064114
gdb_12888,CC1C2OCCC12O,2.5026,2.34431,1.69173,1.4155,67.07,-0.2296,0.0731,0.3027,859.2919,0.153631,-384.922111,-384.914298,-384.913354,-384.953881,29.858,-1700.292739,-1711.387725,-1721.464265,-1579.844896
gdb_12893,OC1C2OCCC12O,2.66246,2.37667,1.75296,1.274,59.5,-0.2333,0.0709,0.3041,801.0075,0.130682,-420.846608,-420.83939,-420.838446,-420.877676,28.107,-1516.580694,-1526.271315,-1535.161863,-1408.807278
gdb_13015,CC12CC1OCC2O,2.53193,2.44334,1.601,1.3775,66.41,-0.2316,0.0679,0.2995,862.2023,0.153934,-384.925548,-384.917849,-384.916905,-384.957062,29.825,-1702.449487,-1713.61601,-1723.692549,-1581.841002
gdb_13022,CC1COC2CC12C,2.47218,2.42416,1.57241,1.5195,73.62,-0.2237,0.0805,0.3042,908.9283,0.177456,-349.001798,-348.993855,-348.99291,-349.033465,31.038,-1886.630281,-1899.421425,-1910.683329,-1753.002867
gdb_13023,CC1COC2CC12O,2.51284,2.47518,1.59263,2.3404,66.43,-0.2257,0.0664,0.2921,864.0145,0.153628,-384.923889,-384.91619,-384.915246,-384.955347,30.001,-1701.40845,-1712.574972,-1722.651512,-1580.764824
gdb_13029,OC1COC2CC12O,2.57896,2.5135,1.63199,1.9921,59.55,-0.2309,0.0588,0.2896,815.1089,0.130182,-420.84639,-420.838964,-420.83802,-420.877678,28.698,-1516.443897,-1526.003997,-1534.894544,-1408.808533
gdb_14174,CC1(C)C2CCOC12,3.74315,1.64827,1.62872,1.4121,74.61,-0.2295,0.0858,0.3153,930.5108,0.177404,-348.999571,-348.991534,-348.99059,-349.031482,30.906,-1885.232819,-1897.964976,-1909.227508,-1751.758517
gdb_14178,CC1(O)C2CCOC12,3.8185,1.66343,1.64074,0.4669,67.19,-0.2248,0.0743,0.2991,884.7699,0.153588,-384.923963,-384.916219,-384.915275,-384.955567,29.827,-1701.454885,-1712.59317,-1722.66971,-1580.902876
gdb_14304,CC1C2CC(C)OC12,3.43575,1.6967,1.60458,1.3035,74.38,-0.2323,0.0828,0.3152,938.1309,0.177647,-349.002232,-348.994309,-348.993365,-349.034268,30.57,-1886.90262,-1899.706314,-1910.968845,-1753.506757
gdb_14309,CC1CC2C(O)C2O1,3.5264,1.79937,1.69577,1.8633,66.71,-0.2355,0.0734,0.3089,867.1066,0.154549,-384.927466,-384.920131,-384.919187,-384.95887,28.807,-1703.65305,-1715.047985,-1725.124525,-1582.975539
gdb_16106,C#CC12CC1CCO2,4.3411,1.70206,1.48697,1.8827,71.2,-0.2261,0.0381,0.2642,880.9922,0.130547,-346.556337,-346.549267,-346.548323,-346.587307,27.752,-1607.784735,-1617.569482,-1626.46003,-1500.46187
gdb_16108,C#CC12CC1OCC2,4.46814,1.63766,1.44274,1.0112,70.98,-0.2274,0.0485,0.2759,891.2049,0.130809,-346.558188,-346.551118,-346.550174,-346.589158,27.743,-1608.946254,-1618.731002,-1627.621549,-1501.623389
gdb_16117,N#CC12CC1CCO2,4.32626,1.72189,1.50131,5.0868,65.6,-0.2544,0.0171,0.2715,854.5433,0.120375,-362.662378,-362.655673,-362.654728,-362.693191,25.599,-1525.722245,-1534.846853,-1543.143777,-1424.678236
gdb_16119,N#CC12CC1OCC2,4.45893,1.65637,1.45627,3.7852,65.49,-0.2551,0.0284,0.2834,864.0104,0.120769,-362.665786,-362.659123,-362.658179,-362.69655,25.473,-1527.860796,-1537.011759,-1545.309311,-1426.786039
gdb_16141,O=CC12CC1CCO2,3.91766,1.79383,1.49134,4.3245,66.02,-0.2431,-0.0176,0.2255,867.8653,0.130829,-383.737503,-383.73054,-383.729596,-383.768691,26.394,-1584.792177,-1594.643441,-1603.533989,-1477.350086
gdb_16143,O=CC12CC1OCC2,3.9666,1.73075,1.4537,2.42,65.7,-0.2414,-0.0191,0.2223,874.9803,0.131056,-383.740716,-383.733757,-383.732813,-383.771903,26.342,-1586.808364,-1596.662138,-1605.552685,-1479.365645
gdb_16170,CCC12CC1CCO2,3.99789,1.61933,1.3904,1.226,74.37,-0.2242,0.0862,0.3104,985.5699,0.177935,-349.003626,-348.99578,-348.994836,-349.035615,30.342,-1887.777368,-1900.62938,-1911.891911,-1754.352012
gdb_16172,CCC12CC1OCC2,4.14612,1.52132,1.32913,1.4673,73.88,-0.2238,0.0859,0.3097,1007.1539,0.178104,-348.999415,-348.991593,-348.990649,-349.031413,30.234,-1885.134927,-1898.001999,-1909.264531,-1751.715219
gdb_16179,COC12CC1OCC2,4.33165,1.62253,1.40968,2.1408,67.12,-0.2272,0.0885,0.3157,932.5023,0.153931,-384.911696,-384.904092,-384.903148,-384.943476,28.793,-1693.757233,-1704.983369,-1715.059908,-1573.315665
gdb_16181,OCC12CC1CCO2,4.04735,1.64617,1.40288,2.4528,67.0,-0.2355,0.0818,0.3172,931.3896,0.154856,-384.925027,-384.917515,-384.91657,-384.956817,28.806,-1702.122555,-1713.406422,-1723.482334,-1581.687263
gdb_16183,OCC12CC1OCC2,4.2135,1.53462,1.33838,1.0651,66.71,-0.2315,0.0754,0.3069,953.7608,0.154925,-384.921189,-384.913678,-384.912734,-384.952939,28.795,-1699.714176,-1710.99867,-1721.075209,-1579.253783
gdb_16669,CC1OC2CC2C1C,2.72782,2.27028,1.6155,1.4031,73.25,-0.2241,0.0794,0.3035,893.9001,0.177751,-348.997356,-348.989558,-348.988614,-349.029083,30.714,-1883.842886,-1896.725019,-1907.98755,-1750.253123
gdb_16670,CC1OC2CC2C1O,3.13763,2.16037,1.56101,1.3891,66.78,-0.2391,0.0695,0.3087,863.2313,0.153725,-384.925245,-384.917485,-384.916541,-384.957225,29.641,-1702.259352,-1713.387597,-1723.464136,-1581.943286
gdb_16725,C#CC1CC2CC2O1,3.83222,1.73827,1.70721,1.5157,68.78,-0.2364,0.0368,0.2731,840.5238,0.130833,-346.551754,-346.544801,-346.543857,-346.58274,27.278,-1604.908861,-1614.767027,-1623.657575,-1497.596037
gdb_16730,N#CC1CC2CC2O1,3.83696,1.7671,1.73578,4.1609,63.63,-0.2579,0.0167,0.2746,812.5185,0.120475,-362.658592,-362.651978,-362.651034,-362.689431,25.252,-1523.346496,-1532.528208,-1540.825759,-1422.318802
gdb_16743,O=CC1CC2CC2O1,3.81408,1.74631,1.65566,2.0913,63.34,-0.2388,-0.0308,0.2081,837.4172,0.130596,-383.733009,-383.726074,-383.72513,-383.76447,26.156,-1581.972152,-1591.840986,-1600.731533,-1474.701371
gdb_16764,CCC1CC2CC2O1,4.78856,1.38611,1.22167,1.3483,74.64,-0.2332,0.0874,0.3206,1065.08,0.177847,-349.000578,-348.992764,-348.99182,-349.032886,30.037,-1885.86472,-1898.736812,-1909.999344,-1752.63954
gdb_16768,COC1CC2CC2O1,3.98092,1.70444,1.58962,0.5568,67.18,-0.2397,0.0893,0.329,892.993,0.154683,-384.926336,-384.919007,-384.918063,-384.957861,28.046,-1702.943964,-1714.342665,-1724.419205,-1582.342382
gdb_16773,OCC1CC2CC2O1,4.12086,1.55868,1.40168,2.6487,66.65,-0.2374,0.0821,0.3195,939.6587,0.155144,-384.922971,-384.915631,-384.914687,-384.954911,28.243,-1700.832397,-1712.224195,-1722.300734,-1580.491231
gdb_18195,C#CC1COC2CC12,4.28899,1.68612,1.40119,0.9542,69.08,-0.2354,0.0494,0.2848,891.729,0.130966,-346.55235,-346.545353,-346.544409,-346.58344,27.324,-1605.282856,-1615.113412,-1624.00396,-1498.035293
gdb_18204,N#CC1COC2CC12,4.29101,1.70657,1.41393,3.1575,64.03,-0.254,0.0291,0.2831,864.3754,0.120746,-362.660087,-362.653462,-362.652518,-362.690988,25.207,-1524.284622,-1533.459431,-1541.756983,-1423.295834
gdb_18229,O=CC1COC2CC12,3.82897,1.82174,1.55385,2.6029,63.84,-0.2386,-0.0274,0.2112,841.6837,0.131102,-383.731004,-383.724021,-383.723077,-383.762677,25.999,-1580.713996,-1590.55271,-1599.443257,-1473.576247
gdb_18260,CCC1COC2CC12,4.13146,1.4935,1.24952,1.516,73.54,-0.2264,0.0832,0.3096,1036.2431,0.178336,-348.995921,-348.988208,-348.987264,-349.027882,29.89,-1882.942411,-1895.877881,-1907.140413,-1749.499485
gdb_18268,COC1COC2CC12,4.25001,1.60644,1.32946,1.2093,67.18,-0.2316,0.0791,0.3107,958.3332,0.154244,-384.90956,-384.90201,-384.901065,-384.941567,28.295,-1692.416873,-1703.676895,-1713.752807,-1572.11775
gdb_18277,OCC1COC2CC12,4.20625,1.52921,1.27432,2.5505,66.52,-0.2268,0.0728,0.2997,972.1925,0.15494,-384.917231,-384.90975,-384.908805,-384.949009,28.588,-1697.230495,-1708.533815,-1718.609727,-1576.787672
gdb_18641,CC1C2OCC(C)C12,2.69417,2.10362,1.68618,1.4592,73.67,-0.2245,0.0791,0.3036,900.5966,0.17806,-348.994377,-348.986403,-348.985459,-349.026363,30.484,-1881.973537,-1894.745228,-1906.007759,-1748.546298
gdb_18642,CC1C2OCC(O)C12,2.71743,2.32347,1.77238,1.8676,67.13,-0.2337,0.0656,0.2993,831.562,0.1542,-384.918346,-384.910621,-384.909677,-384.950273,29.227,-1697.930167,-1709.080375,-1719.156914,-1577.580844
gdb_18644,CC1COC2C(O)C12,2.85732,2.18311,1.80459,1.071,66.11,-0.2347,0.0751,0.3098,831.187,0.154506,-384.920591,-384.912947,-384.912003,-384.952332,29.102,-1699.338925,-1710.539961,-1720.6165,-1578.872885
gdb_18649,OC1C2OCC(O)C12,2.8238,2.45205,1.90425,2.1203,58.84,-0.2464,0.0704,0.3168,761.1473,0.131927,-420.849061,-420.842333,-420.841389,-420.879804,26.671,-1518.119974,-1528.118074,-1537.008622,-1410.142617
gdb_19495,C#CC1C2CCOC12,3.36022,1.93055,1.78013,1.5777,69.75,-0.2251,0.0449,0.27,818.0226,0.13111,-346.55544,-346.548359,-346.547415,-346.586679,27.174,-1607.221859,-1616.999704,-1625.890252,-1500.067795
gdb_19500,N#CC1C2CCOC12,3.37503,1.97044,1.8172,4.3095,64.38,-0.2504,0.0257,0.2761,788.9711,0.1209,-362.663663,-362.656956,-362.656012,-362.694734,25.029,-1526.528594,-1535.651947,-1543.949499,-1425.646482
gdb_19510,O=CC1C2CCOC12,3.83729,1.5459,1.52582,3.7358,65.42,-0.2387,-0.0203,0.2184,895.3057,0.131124,-383.732059,-383.7249,-383.723956,-383.763983,26.077,-1581.376018,-1591.10429,-1599.994838,-1474.395774
gdb_19524,CCC1C2CCOC12,3.70892,1.53366,1.43816,1.4218,74.28,-0.2319,0.0863,0.3182,995.561,0.178452,-348.995266,-348.987409,-348.986465,-349.027805,29.687,-1882.531393,-1895.376502,-1906.639033,-1749.451166
gdb_19529,COC1C2CCOC12,3.41713,1.87112,1.73324,0.7713,67.02,-0.2159,0.0802,0.2961,859.3141,0.154709,-384.909368,-384.901813,-384.900869,-384.941335,27.958,-1692.296392,-1703.553276,-1713.629815,-1571.972168
gdb_19534,OCC1C2CCOC12,3.45012,1.79728,1.60275,2.9258,66.34,-0.2444,0.0755,0.3199,878.5164,0.155669,-384.917061,-384.90966,-384.908716,-384.949308,27.863,-1697.123818,-1708.477339,-1718.553878,-1576.975298
gdb_36136,C#CCC12CC1CCO2,3.89439,1.12673,1.00919,1.1975,79.89,-0.2304,0.0522,0.2826,1221.3337,0.159046,-385.847844,-385.839479,-385.838535,-385.880834,32.547,-1886.51733,-1898.155739,-1908.824647,-1757.963953
gdb_36138,C#CCC12CC1OCC2,3.88157,1.06064,0.96201,0.7937,79.84,-0.2298,0.0509,0.2807,1259.3327,0.158989,-385.843788,-385.835355,-385.834411,-385.877042,32.572,-1883.972153,-1895.567892,-1906.2368,-1755.584439
gdb_36145,N#CCC12CC1CCO2,3.8439,1.10866,1.00154,5.2063,75.48,-0.2461,0.0349,0.281,1212.0179,0.148627,-401.954723,-401.946649,-401.945705,-401.987845,30.549,-1804.980693,-1815.912527,-1825.988439,-1682.887522
gdb_36147,N#CCC12CC1OCC2,3.91241,1.06126,0.96275,2.6178,74.97,-0.2437,0.031,0.2747,1231.3455,0.148794,-401.952326,-401.944276,-401.943332,-401.985397,30.453,-1803.476554,-1814.423448,-1824.49936,-1681.35138
gdb_36302,C#CCC1C2CCOC12,3.75314,1.01253,0.97063,2.0659,80.81,-0.2404,0.0599,0.3003,1289.7344,0.159408,-385.839217,-385.830806,-385.829862,-385.872846,32.009,-1881.10381,-1892.713354,-1903.382262,-1752.951412
gdb_36309,N#CCC1C2CCOC12,3.79134,1.00915,0.96962,5.3519,75.68,-0.2558,0.0401,0.2959,1262.256,0.1492,-401.948337,-401.940303,-401.939359,-401.981862,29.874,-1800.97342,-1811.930355,-1822.006267,-1679.133135
gdb_36414,C#CCC1CC2CC2O1,4.48615,0.96898,0.87276,1.9701,80.97,-0.2392,0.0557,0.2949,1349.2101,0.158829,-385.843436,-385.835043,-385.834099,-385.876884,32.349,-1883.75127,-1895.372109,-1906.041017,-1755.485293
gdb_36420,N#CCC1CC2CC2O1,4.50322,0.97287,0.87627,5.2721,75.89,-0.2536,0.035,0.2885,1316.5307,0.148673,-401.951939,-401.943934,-401.94299,-401.985204,30.201,-1803.233708,-1814.20884,-1824.284752,-1681.23027
gdb_36483,C#CCC1COC2CC12,3.9866,1.03596,0.90178,1.4272,79.79,-0.2312,0.0527,0.2839,1298.2676,0.159437,-385.841529,-385.833244,-385.8323,-385.874623,32.146,-1882.55461,-1894.243221,-1904.912129,-1754.066495
gdb_36492,N#CCC1COC2CC12,4.00621,1.03575,0.90309,4.1716,74.79,-0.2442,0.0319,0.2761,1269.414,0.149202,-401.949715,-401.941802,-401.940857,-401.982652,30.04,-1801.838128,-1812.870991,-1822.946275,-1679.628867
gdb_51170,N=COC12CC1OCC2,4.3606,1.01457,0.93227,3.444,73.63,-0.239,0.0186,0.2576,1273.1584,0.147854,-439.061546,-439.053372,-439.052428,-439.094789,30.648,-1735.337234,-1746.20569,-1756.281602,-1613.063968
gdb_51172,O=CCC12CC1CCO2,4.02574,1.01141,0.91915,3.5982,75.53,-0.2328,-0.0173,0.2155,1300.0372,0.158765,-423.025667,-423.017178,-423.016234,-423.059721,31.511,-1861.42701,-1872.986981,-1883.655889,-1733.28528
gdb_51174,O=CCC12CC1OCC2,3.84542,0.99806,0.89702,1.6346,75.32,-0.2317,-0.0235,0.2082,1308.6132,0.158872,-423.021875,-423.013422,-423.012478,-423.055861,31.412,-1859.047496,-1870.630057,-1881.298965,-1730.863095
gdb_51183,O=CNC12CC1OCC2,3.84472,1.11919,1.05106,2.5971,72.07,-0.2316,0.0251,0.2567,1175.6495,0.148523,-439.093035,-439.084853,-439.083909,-439.126672,30.648,-1755.096865,-1765.960301,-1776.036213,-1633.070837
gdb_51186,O=COC12CC1OCC2,4.3984,1.00767,0.92606,3.4228,68.68,-0.2455,-0.0004,0.2451,1251.2498,0.135609,-458.96433,-458.956335,-458.955391,-458.997354,29.663,-1686.604257,-1696.696485,-1706.179401,-1570.931131
gdb_51466,N=COC1C2CCOC12,3.17545,1.18846,1.12289,4.0216,73.19,-0.2368,0.0163,0.2531,1158.352,0.148504,-439.057084,-439.048913,-439.047968,-439.090895,29.869,-1732.537289,-1743.407627,-1753.482912,-1610.620448
gdb_51471,O=CCC1C2CCOC12,2.69443,1.46021,1.26032,3.5152,74.23,-0.2355,-0.0085,0.2271,1068.0382,0.159732,-423.017452,-423.00922,-423.008275,-423.050787,30.686,-1856.272023,-1867.993264,-1878.661545,-1727.679114
gdb_51477,O=CNC1C2CCOC12,3.60462,1.07563,1.06396,3.3438,73.24,-0.2377,0.0294,0.2671,1198.5135,0.149266,-439.092716,-439.084718,-439.083774,-439.126225,29.758,-1754.896689,-1765.875587,-1775.951499,-1632.790341
gdb_51481,O=COC1C2CCOC12,3.01631,1.33258,1.22117,4.0897,67.99,-0.2454,0.0059,0.2514,1068.3751,0.136335,-458.962501,-458.954545,-458.953601,-458.995773,28.875,-1685.456544,-1695.573244,-1705.05616,-1569.939039
gdb_51641,N=COC1CC2CC2O1,3.62413,1.11065,1.069,2.9162,73.37,-0.2527,0.0222,0.2749,1195.5777,0.148548,-439.075319,-439.067358,-439.066414,-439.108578,29.93,-1743.979915,-1754.982031,-1765.057943,-1621.716689
gdb_51645,O=CCC1CC2CC2O1,4.81335,0.88068,0.80946,3.6173,76.01,-0.2449,-0.0193,0.2255,1415.7865,0.158807,-423.0223,-423.013862,-423.012918,-423.056645,31.16,-1859.314187,-1870.906161,-1881.575069,-1731.355062
gdb_51656,O=COC1CC2CC2O1,3.73162,1.07803,1.04397,4.1759,68.73,-0.2594,0.0042,0.2636,1190.125,0.136235,-458.977729,-458.969933,-458.968988,-459.010848,28.987,-1695.012251,-1705.229352,-1714.711641,-1579.398737
gdb_51788,N=COC1COC2CC12,4.07661,1.01432,0.90029,3.1511,73.78,-0.2425,0.0196,0.2622,1295.3498,0.148308,-439.061198,-439.053033,-439.052089,-439.095072,30.121,-1735.118861,-1745.992964,-1756.068876,-1613.241553
gdb_51796,O=CCC1COC2CC12,3.80205,0.98471,0.88292,3.0187,75.03,-0.2359,-0.0257,0.2103,1324.4475,0.159181,-423.018387,-423.010051,-423.009107,-423.052397,30.996,-1856.858744,-1868.514724,-1879.183632,-1728.689404
gdb_51804,O=CNC1COC2CC12,3.89713,1.03645,0.92474,3.7022,72.69,-0.2393,0.0274,0.2667,1266.6496,0.148952,-439.092762,-439.084617,-439.083673,-439.127157,30.245,-1754.925555,-1765.812209,-1775.888121,-1633.375179
gdb_51808,O=COC1COC2CC12,4.21529,0.97743,0.8747,3.205,69.35,-0.2491,0.0044,0.2536,1297.1889,0.136123,-458.964511,-458.956568,-458.955624,-458.998145,29.111,-1686.717837,-1696.842694,-1706.32561,-1571.427491
gdb_53009,CC#CC12CC1CCO2,4.10825,0.9129,0.84916,1.3692,86.22,-0.2157,0.0463,0.2619,1451.2974,0.158864,-385.856695,-385.847741,-385.846797,-385.891974,32.779,-1892.071412,-1903.340219,-1914.009127,-1764.954404
gdb_53011,CC#CC12CC1OCC2,4.22397,0.88246,0.82516,1.3056,85.85,-0.2169,0.0553,0.2722,1470.006,0.159123,-385.857863,-385.848901,-385.847957,-385.893272,32.743,-1892.804342,-1904.068129,-1914.737037,-1765.76891
gdb_53192,CC#CC1C2CCOC12,3.01814,1.08662,1.00845,1.3813,84.23,-0.2156,0.0519,0.2675,1297.0784,0.159436,-385.855066,-385.846118,-385.845174,-385.890459,32.162,-1891.0492,-1902.321771,-1912.990679,-1764.003728
gdb_53337,CC#CC1CC2CC2O1,3.38787,0.99076,0.95614,1.4612,83.02,-0.2295,0.0448,0.2743,1353.2579,0.159155,-385.852068,-385.843248,-385.842304,-385.886857,32.358,-1889.167928,-1900.520821,-1911.189729,-1761.74344
gdb_53412,CC#CC1COC2CC12,4.01135,0.90283,0.81803,1.52,83.37,-0.2288,0.0563,0.2851,1459.1053,0.159305,-385.852198,-385.843317,-385.842372,-385.887586,32.357,-1889.249504,-1900.564119,-1911.232399,-1762.200894
gdb_54517,CC(=O)C12CC1CCO2,3.00872,1.41276,1.12847,2.8796,76.17,-0.2363,-0.0114,0.2248,1127.7216,0.158732,-423.042706,-423.034181,-423.033237,-423.076099,32.171,-1872.119136,-1883.656516,-1894.325424,-1743.562622
gdb_54519,CC(=O)C12CC1OCC2,3.09702,1.33567,1.09159,3.0041,75.95,-0.2379,-0.0109,0.227,1147.7247,0.159161,-423.039399,-423.031004,-423.030059,-423.072636,31.958,-1870.043963,-1881.66292,-1892.331201,-1741.389558
gdb_54527,NC(=O)C12CC1CCO2,3.11455,1.42322,1.14151,3.2541,72.07,-0.2368,0.0322,0.269,1092.8794,0.148719,-439.116079,-439.107781,-439.106837,-439.149018,31.697,-1769.557182,-1780.347827,-1790.423739,-1647.093153
gdb_54529,NC(=O)C12CC1OCC2,3.22117,1.34336,1.09751,4.0209,71.86,-0.2377,0.0271,0.2648,1114.9632,0.149007,-439.110001,-439.101835,-439.100891,-439.142745,31.53,-1765.743183,-1776.616658,-1786.692571,-1643.156789
gdb_54846,CC(=O)C1C2CCOC12,3.0593,1.3399,1.23752,2.8248,76.34,-0.229,-0.0101,0.2189,1110.792,0.159317,-423.034693,-423.026166,-423.025221,-423.068385,31.566,-1867.090906,-1878.627032,-1889.295312,-1738.722017
gdb_54853,NC(=O)C1C2CCOC12,3.04644,1.35568,1.24693,3.57,71.43,-0.2358,0.0271,0.2628,1065.2245,0.149791,-439.10511,-439.097218,-439.096274,-439.137949,30.425,-1762.674036,-1773.719449,-1783.795361,-1640.147256
gdb_55149,CC(=O)C1CC2CC2O1,2.85098,1.40962,1.24682,1.8689,73.95,-0.2301,-0.0163,0.2137,1086.7609,0.158686,-423.034445,-423.025999,-423.025055,-423.068138,31.84,-1866.935284,-1878.522238,-1889.191146,-1738.567023
gdb_55159,NC(=O)C1CC2CC2O1,2.97242,1.41493,1.2517,2.8025,70.29,-0.2315,0.0307,0.2622,1054.5702,0.149018,-439.110148,-439.10211,-439.101165,-439.143055,31.13,-1765.835426,-1776.789223,-1786.864508,-1643.351317
gdb_55357,CC(=O)C1COC2CC12,3.18436,1.23253,1.14624,2.9688,74.72,-0.234,-0.016,0.218,1152.4066,0.159052,-423.032376,-423.023888,-423.022943,-423.066139,31.737,-1865.636968,-1877.197566,-1887.865847,-1737.312632
gdb_55367,NC(=O)C1COC2CC12,3.27046,1.23551,1.16037,4.0529,71.14,-0.2304,0.0265,0.2569,1116.2224,0.148835,-439.104416,-439.096075,-439.095131,-439.137926,31.397,-1762.238545,-1773.002207,-1783.078119,-1640.132823
gdb_58889,CC(C)C12CC1CCO2,2.9632,1.28804,1.08011,1.199,84.93,-0.2245,0.0826,0.3071,1245.6872,0.205917,-388.291595,-388.282402,-388.281458,-388.325294,35.875,-2164.289836,-2178.962879,-2192.003771,-2009.43944
gdb_58891,CC(C)C12CC1OCC2,3.03131,1.22482,1.04206,1.4882,84.35,-0.2235,0.0806,0.3041,1266.9591,0.206015,-388.286818,-388.277634,-388.276689,-388.320584,35.805,-2161.292226,-2175.970916,-2189.011181,-2006.483873
gdb_58897,CC(O)C12CC1CCO2,3.04078,1.3043,1.08506,1.1756,77.85,-0.228,0.0721,0.3001,1194.9152,0.182302,-424.218198,-424.2092,-424.208256,-424.251635,34.757,-1981.899325,-1994.916999,-2006.771899,-1839.99946
gdb_58899,CC(O)C12CC1OCC2,3.12618,1.23845,1.04928,2.5269,77.46,-0.2258,0.0678,0.2936,1215.0821,0.182453,-424.214434,-424.205514,-424.204569,-424.247811,34.603,-1979.537381,-1992.604001,-2004.458274,-1837.599866
gdb_59264,CC(C)C1C2CCOC12,2.71735,1.23862,1.1017,1.397,84.97,-0.2321,0.0826,0.3147,1260.4363,0.206265,-388.284966,-388.275727,-388.274783,-388.319159,35.256,-2160.130079,-2174.774257,-2187.815149,-2005.589673
gdb_59270,CC(O)C1C2CCOC12,2.94624,1.31955,1.23426,2.0545,77.68,-0.2415,0.075,0.3165,1141.5484,0.183827,-424.210918,-424.202419,-424.201474,-424.244055,33.243,-1977.33106,-1990.661861,-2002.516133,-1835.242942
gdb_59564,CC(C)C1CC2CC2O1,3.24962,1.1124,1.0822,1.3219,84.85,-0.2326,0.0819,0.3145,1285.0356,0.205943,-388.288256,-388.279101,-388.278157,-388.322222,35.496,-2162.194584,-2176.891472,-2189.932364,-2007.511733
gdb_59568,CC(O)C1CC2CC2O1,3.3207,1.16306,1.15382,1.7922,77.65,-0.2416,0.0824,0.324,1199.2971,0.182921,-424.218617,-424.20991,-424.208966,-424.252373,33.814,-1982.162252,-1995.362531,-2007.217431,-1840.462562
gdb_59708,CC(C)C1COC2CC12,2.94079,1.21727,0.96813,1.4778,84.24,-0.2266,0.0798,0.3064,1306.9067,0.206298,-388.285079,-388.276046,-388.275102,-388.318593,35.395,-2160.200988,-2174.974432,-2188.015324,-2005.234502
gdb_59717,CC(O)C1COC2CC12,3.02512,1.21709,0.9744,1.3295,77.23,-0.2292,0.0684,0.2976,1257.5773,0.182583,-424.210685,-424.201827,-424.200883,-424.244113,34.301,-1977.18485,-1990.290376,-2002.145276,-1835.279337
gdb_62447,CC1(C#C)C2CCOC12,3.6002,1.16624,1.13829,1.6483,82.47,-0.2278,0.0481,0.2758,1164.6594,0.158495,-385.845866,-385.837164,-385.83622,-385.878967,33.332,-1885.276117,-1896.703056,-1907.371964,-1756.792394
gdb_62452,CC1(C#N)C2CCOC12,3.59428,1.1745,1.14625,4.5829,76.7,-0.2548,0.0289,0.2838,1134.8942,0.148385,-401.954055,-401.945716,-401.944771,-401.987049,31.117,-1804.561517,-1815.327061,-1825.402346,-1682.388025
gdb_62456,NC1(C#N)C2CCOC12,3.66095,1.1997,1.18042,3.5475,73.53,-0.2457,0.0226,0.2683,1096.111,0.137782,-418.000013,-417.991922,-417.990978,-418.032542,30.579,-1684.796404,-1694.82839,-1704.311306,-1568.708494
gdb_62460,OC1(C#C)C2CCOC12,3.88061,1.18659,1.16967,2.1273,75.27,-0.2304,0.0327,0.2631,1108.2363,0.135089,-421.770076,-421.761897,-421.760953,-421.802588,31.719,-1701.383977,-1711.36137,-1720.844286,-1585.64559
gdb_62464,OC1(C#N)C2CCOC12,3.87059,1.19393,1.17823,5.0438,69.63,-0.261,0.0121,0.2731,1079.4339,0.124823,-437.876222,-437.868363,-437.867419,-437.908655,29.621,-1619.387376,-1628.676392,-1637.566312,-1509.976789
gdb_63165,CC1(C)C2CCOC12C,2.28172,1.60439,1.28514,1.3058,85.63,-0.2259,0.0804,0.3064,1144.8746,0.204849,-388.29384,-388.284213,-388.283269,-388.327456,37.085,-2165.698594,-2180.099298,-2193.14019,-2010.796115
gdb_63168,CC1(C)C2OCCC12C,2.25707,1.61072,1.26403,1.4728,85.4,-0.2269,0.0826,0.3095,1149.3192,0.205067,-388.289026,-388.279426,-388.278482,-388.322655,36.939,-2162.677766,-2177.095412,-2190.136304,-2007.783444
gdb_63169,CC1(C)C2OCCC12O,2.33983,1.61738,1.28284,1.3548,78.28,-0.2266,0.0693,0.2959,1100.0944,0.18125,-424.213535,-424.204226,-424.203281,-424.246814,35.877,-1978.973251,-1991.79577,-2003.650042,-1836.974239
gdb_63173,CC1(O)C2CCOC12C,2.32928,1.62008,1.29909,2.3071,78.5,-0.2296,0.0748,0.3044,1095.9566,0.181098,-424.220154,-424.210801,-424.209856,-424.253465,36.006,-1983.126733,-1995.921641,-2007.775914,-1841.147802
gdb_63176,CC1(O)C2OCCC12C,2.31128,1.62773,1.27644,0.4233,78.2,-0.2224,0.071,0.2934,1099.8513,0.181349,-424.215995,-424.206716,-424.205772,-424.24921,35.835,-1980.516923,-1993.358267,-2005.213167,-1838.477751
gdb_63177,CC1(O)C2OCCC12O,2.39744,1.63656,1.29097,1.2082,70.81,-0.2224,0.0582,0.2806,1052.3695,0.157849,-460.140878,-460.132003,-460.131059,-460.173717,34.437,-1797.047097,-1808.364221,-1819.033129,-1667.886919
gdb_64587,CC1(C=O)C2CCOC12,3.59655,1.14807,1.12238,3.5189,76.71,-0.2383,-0.0179,0.2205,1160.4003,0.159176,-423.027464,-423.018956,-423.018012,-423.060654,31.754,-1862.554644,-1874.102692,-1884.7716,-1733.870745
gdb_64591,OC1(C=O)C2CCOC12,3.75914,1.18872,1.1714,2.7262,71.26,-0.2292,-0.0331,0.196,1098.2949,0.135688,-458.955477,-458.947466,-458.946522,-458.988098,30.226,-1681.04892,-1691.131107,-1700.614023,-1565.122908
gdb_65577,CC1(CC2CC2O1)C#C,2.87287,1.40859,1.24656,1.3962,80.33,-0.2422,0.0426,0.2848,1096.9476,0.158015,-385.845578,-385.837101,-385.836157,-385.878321,33.487,-1885.095394,-1896.663523,-1907.332431,-1756.387023
gdb_65578,CC1(CC2CC2O1)C#N,2.89781,1.41431,1.25638,3.8563,75.13,-0.2636,0.0248,0.2885,1071.1055,0.147661,-401.953378,-401.94522,-401.944276,-401.986003,31.479,-1804.136693,-1815.015817,-1825.091729,-1681.73165
gdb_65598,CC1(CC2CC2O1)C=O,2.82641,1.40089,1.24409,1.7027,74.87,-0.2341,-0.027,0.2071,1090.6555,0.157958,-423.027793,-423.019275,-423.018331,-423.0613,32.335,-1862.761094,-1874.302867,-1884.971775,-1734.276116
gdb_66102,CC1(COC2CC12)C#C,2.61164,1.4729,1.31636,1.3885,80.01,-0.2325,0.0534,0.2859,1070.8975,0.158448,-385.841912,-385.833456,-385.832512,-385.874462,33.411,-1882.794946,-1894.376252,-1905.04516,-1753.965466
gdb_66103,CC1(COC2CC12)C#N,2.62822,1.48202,1.32558,4.1014,74.71,-0.2506,0.0347,0.2853,1044.9882,0.148242,-401.950137,-401.942039,-401.941095,-401.982512,31.3,-1802.102937,-1813.019711,-1823.095623,-1679.541016
gdb_66117,NC1(COC2CC12)C#N,2.70111,1.4684,1.32893,3.1495,71.68,-0.251,0.0215,0.2725,1024.4793,0.137346,-417.993711,-417.985712,-417.984767,-418.02608,30.826,-1680.841842,-1690.93156,-1700.413848,-1564.653531
gdb_66126,OC1(COC2CC12)C#C,2.74333,1.44246,1.32688,2.0104,73.36,-0.235,0.0264,0.2614,1033.9198,0.134752,-421.766671,-421.75844,-421.757496,-421.799166,32.187,-1699.247309,-1709.192071,-1718.674987,-1583.498254
gdb_66127,OC1(COC2CC12)C#N,2.75839,1.46802,1.32595,2.8641,68.13,-0.2554,0.0043,0.2597,1007.4711,0.124417,-437.871256,-437.863388,-437.862443,-437.903527,30.135,-1616.271166,-1625.554534,-1634.443827,-1506.758923
gdb_66133,CC1(COC2CC12)C=O,2.60534,1.51749,1.28144,3.2853,74.49,-0.2363,-0.0263,0.21,1061.722,0.158529,-423.021449,-423.013044,-423.0121,-423.054472,32.092,-1858.780177,-1870.392858,-1881.061766,-1729.991485
gdb_66142,OC1(COC2CC12)C=O,3.10561,1.3451,1.24553,1.641,68.23,-0.2456,-0.0415,0.2041,1048.629,0.135312,-458.951818,-458.943892,-458.942948,-458.984296,30.475,-1678.752865,-1688.88839,-1698.371306,-1562.737118
gdb_69083,CC12CC1(CCO2)C#C,2.56647,1.56056,1.19642,0.7506,82.24,-0.2243,0.0481,0.2724,1096.4555,0.158244,-385.855961,-385.847316,-385.846372,-385.888686,33.852,-1891.61082,-1903.073527,-1913.742435,-1762.891154
gdb_69084,CC12CC1(CCO2)C#N,2.56336,1.5781,1.20528,3.6224,76.65,-0.2503,0.0287,0.279,1068.8388,0.148167,-401.963835,-401.955591,-401.954647,-401.996365,31.603,-1810.698555,-1821.523713,-1831.599625,-1688.233898
gdb_69088,CC12CC1(OCC2)C#C,2.45936,1.62498,1.20886,1.9314,82.19,-0.2228,0.0373,0.2601,1092.4166,0.158182,-385.850368,-385.841758,-385.840814,-385.883048,33.75,-1888.101162,-1899.585832,-1910.25474,-1759.353258
gdb_69089,CC12CC1(OCC2)C#N,2.45805,1.64251,1.21843,5.0915,76.49,-0.2494,0.0168,0.2663,1065.3809,0.147968,-401.95654,-401.948286,-401.947341,-401.989075,31.625,-1806.120877,-1816.939759,-1827.015044,-1683.659358
gdb_69104,NC12CC1(OCC2)C#N,2.39248,1.6704,1.26913,3.8937,73.31,-0.2363,0.0146,0.2509,1030.5579,0.136799,-417.999179,-417.990954,-417.99001,-418.031828,31.327,-1684.273062,-1694.220962,-1703.703878,-1568.260453
gdb_69110,OC12CC1(OCC2)C#C,2.41947,1.6631,1.27636,1.5248,75.12,-0.2301,0.0304,0.2606,1033.2394,0.13398,-421.771466,-421.76289,-421.761946,-421.804499,32.768,-1702.256214,-1711.984487,-1721.467403,-1586.844759
gdb_69111,OC12CC1(OCC2)C#N,2.44464,1.66639,1.27876,4.0151,69.66,-0.254,0.006,0.26,1009.8306,0.123724,-437.875853,-437.867606,-437.866662,-437.908791,30.679,-1619.155825,-1628.201367,-1637.091287,-1510.06213
gdb_69113,CC12CC1(CCO2)C=O,2.67042,1.56558,1.20239,2.5861,76.86,-0.2376,-0.023,0.2146,1074.9258,0.158732,-423.038234,-423.029832,-423.028888,-423.07081,32.345,-1869.312915,-1880.92748,-1891.596388,-1740.243727
gdb_69115,CC12CC1(OCC2)C=O,2.5757,1.61458,1.21071,3.1733,76.39,-0.239,-0.0263,0.2127,1073.1555,0.158482,-423.034962,-423.026497,-423.025552,-423.067604,32.473,-1867.259706,-1878.834737,-1889.503018,-1738.231933
gdb_69123,OC12CC1(OCC2)C=O,2.72915,1.66427,1.27547,2.5507,69.32,-0.2348,-0.0362,0.1985,1001.1623,0.135188,-458.959549,-458.951693,-458.950749,-458.991524,30.743,-1683.604137,-1693.783588,-1703.266504,-1567.272753
gdb_69321,CC12CC1C(C)(C)CO2,2.75905,1.34762,1.26785,1.2661,84.81,-0.2237,0.0835,0.3072,1172.2534,0.204802,-388.296149,-388.286808,-388.285864,-388.329242,37.125,-2167.147512,-2181.727684,-2194.768576,-2011.916846
gdb_69324,CC12CC1C(C)(O)CO2,2.82783,1.34964,1.27315,1.2805,77.85,-0.2273,0.0688,0.2961,1128.6062,0.181035,-424.22223,-424.213096,-424.212152,-424.25524,36.038,-1984.429442,-1997.361775,-2009.216675,-1842.26163
gdb_69429,CC12CC1C(CO2)C#C,2.87207,1.26473,1.21423,1.114,80.83,-0.2302,0.0498,0.28,1144.1958,0.158404,-385.849066,-385.840519,-385.839574,-385.881972,33.368,-1887.284146,-1898.808349,-1909.476629,-1758.678059
gdb_69430,CC12CC1C(CO2)C#N,2.89626,1.26668,1.21989,3.9313,75.67,-0.2483,0.0303,0.2786,1117.774,0.148191,-401.957074,-401.948908,-401.947964,-401.98977,31.245,-1806.455966,-1817.33007,-1827.405982,-1684.095477
gdb_69452,CC12CC1C(CO2)C=O,3.1128,1.1374,1.10349,2.3907,76.04,-0.2403,-0.0244,0.2159,1198.2047,0.158322,-423.027735,-423.019151,-423.018207,-423.061267,32.255,-1862.724698,-1874.225056,-1884.893964,-1734.255408
gdb_70240,CC1(C)CC2(O)CC2O1,2.866,1.35454,1.21666,1.9306,77.96,-0.2316,0.0772,0.3089,1140.3976,0.180678,-424.220808,-424.211722,-424.210778,-424.253918,36.115,-1983.537124,-1996.499577,-2008.354477,-1841.432063
gdb_70247,CC12CC1CC(C)(C)O2,2.66719,1.41112,1.24619,1.244,85.08,-0.2264,0.079,0.3054,1170.8197,0.204346,-388.301625,-388.292236,-388.291291,-388.335041,37.289,-2170.583751,-2185.133803,-2198.174067,-2015.55577
gdb_70249,CC12CC1OC(C)(C)C2,2.80054,1.34551,1.20437,1.4318,85.01,-0.2286,0.0807,0.3093,1191.7916,0.204343,-388.29838,-388.288972,-388.288028,-388.331808,37.256,-2168.547485,-2183.085613,-2196.126505,-2013.527034
gdb_70259,CC12CC1CC(O2)C#C,3.5232,1.18055,1.01242,1.4972,81.62,-0.233,0.0353,0.2683,1223.5484,0.158138,-385.849036,-385.840458,-385.839514,-385.881966,33.519,-1887.26532,-1898.77007,-1909.438978,-1758.674294
gdb_70260,CC12CC1CC(O2)C#N,2.85883,1.43818,1.18102,3.8337,75.3,-0.2598,0.0178,0.2776,1089.2191,0.147778,-401.955111,-401.946862,-401.945918,-401.988083,31.378,-1805.224166,-1816.046187,-1826.122099,-1683.036869
gdb_70262,CC12CC1OC(C2)C#C,3.75597,1.12042,0.98601,1.7166,81.51,-0.2325,0.0352,0.2678,1248.0856,0.158195,-385.845279,-385.836685,-385.835741,-385.878258,33.472,-1884.907769,-1896.402479,-1907.071387,-1756.34749
gdb_70263,CC12CC1OC(C2)C#N,2.8828,1.37782,1.16483,3.9983,75.13,-0.2631,0.0172,0.2803,1105.7939,0.147894,-401.951334,-401.943093,-401.942149,-401.984338,31.291,-1802.854065,-1813.681105,-1823.757017,-1680.686848
gdb_70270,OC12CC1OC(C2)C#C,3.87372,1.12305,0.99136,2.4786,74.31,-0.2335,0.032,0.2655,1196.8838,0.134467,-421.766581,-421.758302,-421.757357,-421.799269,32.338,-1699.190833,-1709.105475,-1718.587764,-1583.562887
gdb_70271,OC12CC1OC(C2)C#N,3.04305,1.34702,1.15489,5.2077,68.49,-0.2635,0.015,0.2785,1072.2595,0.124148,-437.871872,-437.863939,-437.862994,-437.904593,30.161,-1616.657712,-1625.900292,-1634.789584,-1507.427848
gdb_70275,CC12CC1CC(O2)C=O,2.64683,1.59552,1.23001,2.7429,75.41,-0.2338,-0.0244,0.2094,1068.1742,0.158089,-423.027861,-423.019415,-423.01847,-423.060899,32.131,-1862.803765,-1874.390718,-1885.058999,-1734.024485
gdb_70277,CC12CC1OC(C2)C=O,2.73741,1.41092,1.25801,2.9971,75.09,-0.2338,-0.0238,0.2101,1090.5475,0.158169,-423.02342,-423.014942,-423.013998,-423.056724,32.025,-1860.016997,-1871.583871,-1882.252779,-1731.404635
gdb_70284,OC12CC1OC(C2)C=O,2.85672,1.39019,1.25662,4.1396,68.33,-0.2363,-0.0233,0.213,1052.4029,0.134408,-458.944654,-458.936483,-458.935539,-458.977669,30.905,-1674.25739,-1684.239176,-1693.722092,-1558.578616
gdb_70593,CC1(C)COC2CC12O,2.06215,1.82551,1.43677,2.2674,76.84,-0.2254,0.0616,0.287,1045.599,0.181345,-424.21396,-424.204954,-424.20401,-424.246641,35.897,-1979.239942,-1992.252596,-2004.107496,-1836.86568
gdb_70596,CC1(O)COC2CC12O,2.13571,1.86751,1.44602,2.5313,69.96,-0.2165,0.0542,0.2706,999.0579,0.157645,-460.14411,-460.135331,-460.134387,-460.1767,34.628,-1799.075206,-1810.452571,-1821.121479,-1669.758778
gdb_70600,CC12CC1OCC2(C)C,2.01439,1.80622,1.41123,1.4711,83.79,-0.2231,0.0751,0.2983,1093.9071,0.205236,-388.289762,-388.280529,-388.279585,-388.322649,36.916,-2163.139612,-2177.787555,-2190.828447,-2007.779679
gdb_70601,CC12CC1OCC2(C)O,2.06612,1.83448,1.41815,2.6267,76.99,-0.2242,0.0611,0.2853,1051.2935,0.181244,-424.218451,-424.209349,-424.208405,-424.251301,35.947,-1982.058085,-1995.010498,-2006.865398,-1839.789872
gdb_70637,CC12CC1OCC2C#C,2.39727,1.56649,1.16702,1.0829,80.2,-0.2316,0.0475,0.2791,1112.4845,0.158585,-385.846523,-385.83797,-385.837026,-385.879347,33.336,-1885.68839,-1897.208828,-1907.877736,-1757.030848
gdb_70638,CC12CC1OCC2C#N,2.39314,1.58412,1.17556,3.1393,75.06,-0.2493,0.0275,0.2768,1085.0086,0.14837,-401.954283,-401.9461,-401.945155,-401.986925,31.223,-1804.704589,-1815.568025,-1825.643309,-1682.310213
gdb_70652,NC12CC1OCC2C#N,2.43392,1.58673,1.18561,3.4257,71.47,-0.248,0.0281,0.2762,1059.1415,0.137193,-417.995901,-417.987714,-417.98677,-418.028643,31.027,-1682.216087,-1692.187833,-1701.670749,-1566.261836
gdb_70658,OC12CC1OCC2C#C,2.46642,1.57355,1.17827,1.7918,73.03,-0.234,0.0404,0.2744,1066.6603,0.134907,-421.76876,-421.760536,-421.759592,-421.801282,32.149,-1700.558175,-1710.50733,-1719.990246,-1584.826063
gdb_70659,OC12CC1OCC2C#N,2.46066,1.5911,1.18682,2.0032,68.03,-0.2517,0.0208,0.2725,1039.5183,0.124655,-437.876078,-437.86823,-437.867285,-437.908405,30.032,-1619.297015,-1628.592933,-1637.482225,-1509.819912
gdb_70663,CC12CC1OCC2C=O,2.26065,1.63929,1.23303,2.7315,74.82,-0.2347,-0.0286,0.2061,1080.3523,0.158681,-423.024392,-423.015836,-423.014892,-423.057836,32.036,-1860.626936,-1872.144864,-1882.813772,-1732.102425
gdb_70672,OC12CC1OCC2C=O,2.51074,1.63884,1.21898,1.5061,67.25,-0.2387,-0.0394,0.1993,1028.8113,0.134824,-458.946425,-458.938264,-458.93732,-458.979368,30.764,-1675.368709,-1685.35677,-1694.839686,-1559.644754
gdb_73597,CC12CCOC1C2C#C,2.24774,1.62749,1.2937,1.7273,81.62,-0.2223,0.0462,0.2685,1081.0218,0.158548,-385.849201,-385.840512,-385.839568,-385.882207,33.361,-1887.368859,-1898.803956,-1909.472864,-1758.825523
gdb_73598,CC12CCOC1C2C#N,2.25733,1.65295,1.31199,4.5164,76.01,-0.2466,0.0277,0.2743,1050.3484,0.148434,-401.957721,-401.949436,-401.948492,-401.990506,31.17,-1806.861965,-1817.661395,-1827.737307,-1684.557323
gdb_73601,CC12OCCC1C2C#C,2.32291,1.60995,1.31161,1.4832,81.84,-0.2218,0.0454,0.2671,1075.0113,0.158533,-385.852799,-385.844141,-385.843197,-385.885727,33.381,-1889.626637,-1901.081186,-1911.750094,-1761.034355
gdb_73602,CC12OCCC1C2C#N,2.33319,1.63404,1.32884,4.4687,76.25,-0.2462,0.0271,0.2733,1044.8252,0.148364,-401.961415,-401.953141,-401.952197,-401.994156,31.219,-1809.179983,-1819.986316,-1830.062228,-1686.847731
gdb_73605,NC12CCOC1C2C#N,2.27181,1.66968,1.31931,4.7306,72.41,-0.2402,0.0276,0.2678,1022.5793,0.137599,-418.001629,-417.993539,-417.992595,-418.034184,30.73,-1685.810459,-1695.843073,-1705.325989,-1569.738864
gdb_73609,OC12CCOC1C2C#C,2.2791,1.63674,1.30023,2.0894,74.19,-0.2249,0.0434,0.2683,1034.86,0.134872,-421.771411,-421.763044,-421.7621,-421.804122,32.203,-1702.221701,-1712.081123,-1721.564039,-1586.608188
gdb_73610,OC12CCOC1C2C#N,2.28992,1.66179,1.31955,3.6257,68.84,-0.2507,0.0242,0.275,1004.053,0.124693,-437.879439,-437.871472,-437.870528,-437.911936,30.02,-1621.406072,-1630.627317,-1639.517237,-1512.035646
gdb_73616,CC12CCOC1C2C=O,2.20398,1.47526,1.14842,3.8712,76.93,-0.2356,-0.0189,0.2167,1149.2447,0.158691,-423.025702,-423.016958,-423.016014,-423.059446,32.159,-1861.448973,-1872.848929,-1883.517837,-1733.112715
gdb_73619,CC12OCCC1C2C=O,2.26323,1.46038,1.16899,3.8123,77.13,-0.2346,-0.0181,0.2165,1142.1675,0.158483,-423.02949,-423.020712,-423.019767,-423.063262,32.28,-1863.825977,-1875.204597,-1885.872878,-1735.507289
gdb_73622,OC12CCOC1C2C=O,2.25041,1.74997,1.38737,2.5902,69.54,-0.2363,-0.0256,0.2107,990.1792,0.135159,-458.950225,-458.941924,-458.94098,-458.983124,30.915,-1677.753243,-1687.653453,-1697.136369,-1562.001678
gdb_77669,CC12CCOC1(C)C2O,2.18415,1.60832,1.33851,0.2892,78.03,-0.2129,0.0698,0.2827,1098.4221,0.181305,-424.219334,-424.20989,-424.208946,-424.252737,36.034,-1982.612175,-1995.349981,-2007.204881,-1840.690975
gdb_77672,CC12OCCC1(O)C2O,2.29143,1.6359,1.34576,1.3674,70.6,-0.2107,0.0529,0.2636,1048.1718,0.157916,-460.142914,-460.133876,-460.132932,-460.176021,34.54,-1798.324705,-1809.539546,-1820.208454,-1669.3327
gdb_77676,CC1C2(C)CCOC12C,1.73485,1.64071,1.62351,1.3623,85.44,-0.2255,0.0812,0.3067,1125.9155,0.204765,-388.296,-388.286256,-388.285312,-388.329793,37.185,-2167.054013,-2181.381299,-2194.422191,-2012.262603
gdb_77679,CC1C2(O)CCOC12C,1.76254,1.67232,1.64065,1.8862,78.31,-0.2275,0.0764,0.3039,1077.4778,0.181112,-424.219639,-424.210152,-424.209208,-424.253225,36.058,-1982.803566,-1995.514388,-2007.369288,-1840.997199
gdb_78022,CC12OCC(O)C1C2O,2.63183,1.53059,1.32759,2.7433,70.94,-0.2207,0.0522,0.2729,1049.1368,0.158719,-460.141252,-460.132608,-460.131664,-460.173895,33.638,-1797.281785,-1808.743864,-1819.412772,-1667.998616
gdb_78025,CC1C2C(C)COC12C,2.32031,1.46828,1.2511,1.319,85.34,-0.2217,0.0795,0.3012,1182.5233,0.205333,-388.29139,-388.281753,-388.280809,-388.325221,36.75,-2164.161197,-2178.555626,-2191.596518,-2009.393632
gdb_78030,CC1C2C(O)COC12C,2.35635,1.59533,1.27871,1.7614,78.52,-0.2299,0.0672,0.2971,1105.8409,0.181455,-424.215349,-424.205986,-424.205042,-424.24908,35.513,-1980.111552,-1992.900186,-2004.755086,-1838.396175
gdb_78033,CC1COC2(C)C(O)C12,2.50345,1.47202,1.31188,1.2033,77.72,-0.2318,0.077,0.3088,1114.6957,0.181931,-424.217965,-424.208727,-424.207783,-424.251432,35.29,-1981.753116,-1994.620188,-2006.475088,-1839.872076
gdb_80397,CC1(C)CC2C(O)C2O1,2.86666,1.43387,1.28043,1.918,77.12,-0.2339,0.0675,0.3014,1097.7272,0.181959,-424.220794,-424.212065,-424.211121,-424.253643,34.852,-1983.528339,-1996.714813,-2008.569713,-1841.259498
gdb_80402,CC1C2CC(C)(C)OC12,2.84631,1.35784,1.22028,1.2802,84.88,-0.2304,0.0767,0.3071,1177.6267,0.205047,-388.29529,-388.285973,-388.285029,-388.328716,36.645,-2166.608482,-2181.203714,-2194.244606,-2011.586776
gdb_80480,CC1C2OC(C)C(C)C12,2.24535,1.52038,1.324,1.3162,84.77,-0.2327,0.0757,0.3084,1147.0784,0.206078,-388.285348,-388.276179,-388.275235,-388.318747,36.015,-2160.369787,-2175.057891,-2188.098783,-2005.331139
gdb_80481,CC1C2OC(C)C(O)C12,2.37309,1.5612,1.36559,1.8653,78.11,-0.2337,0.0611,0.2948,1084.9806,0.182244,-424.213538,-424.204566,-424.203622,-424.246736,34.808,-1978.975133,-1992.009123,-2003.864023,-1836.925293
gdb_80485,CC1OC2C(O)C2C1C,2.27188,1.6178,1.39774,1.9165,77.04,-0.2323,0.0714,0.3037,1069.8824,0.182842,-424.212274,-424.203628,-424.202684,-424.245273,34.246,-1978.181962,-1991.420519,-2003.275419,-1836.007248
gdb_80486,CC1OC2C(O)C2C1O,2.39699,1.67485,1.45139,2.0373,69.8,-0.2443,0.0678,0.3121,1003.2832,0.159895,-460.1447,-460.136618,-460.135674,-460.177058,32.233,-1799.445436,-1811.260175,-1821.929083,-1669.983427
gdb_80563,CC1C2CC(C)OC12C,2.23787,1.47981,1.22522,1.1877,85.79,-0.2281,0.081,0.3091,1199.055,0.204878,-388.299061,-388.289486,-388.288542,-388.332914,36.84,-2168.974818,-2183.408153,-2196.449045,-2014.221059
gdb_80566,CC1C2OC(C)CC12C,2.32456,1.44309,1.17331,1.3588,85.75,-0.2306,0.0855,0.3161,1215.6652,0.205226,-388.295354,-388.285901,-388.284957,-388.328956,36.638,-2166.648642,-2181.158533,-2194.199425,-2011.737378
gdb_80567,CC1C2OC(C)CC12O,2.36099,1.45018,1.17995,1.9329,78.45,-0.2327,0.0795,0.3122,1167.8101,0.181444,-424.218008,-424.208804,-424.207859,-424.251454,35.574,-1981.780099,-1994.668506,-2006.522778,-1839.885881
gdb_80569,CC1CC2(C)C(O)C2O1,2.45905,1.47348,1.2129,1.8824,78.02,-0.2323,0.0768,0.3091,1148.008,0.182021,-424.220921,-424.211971,-424.211027,-424.25409,34.959,-1983.608032,-1996.655827,-2008.510727,-1841.539995
gdb_80570,CC1CC2(O)C(O)C2O1,2.48795,1.4832,1.21884,1.2907,70.72,-0.2319,0.0689,0.3008,1100.2417,0.158342,-460.142541,-460.133895,-460.132951,-460.175406,33.849,-1798.090644,-1809.551468,-1820.220376,-1668.946782
gdb_80572,CC1CC2C(O)C2(C)O1,2.34563,1.50874,1.27802,1.8922,78.11,-0.2322,0.0753,0.3075,1129.9398,0.181912,-424.224903,-424.215932,-424.214988,-424.258086,35.057,-1986.106773,-1999.14139,-2010.99629,-1844.047521
gdb_80735,CC1C2CC(OC12)C#C,4.14246,1.1061,1.08568,1.5119,80.72,-0.2417,0.0357,0.2775,1195.0998,0.158814,-385.841323,-385.83279,-385.831846,-385.874569,32.748,-1882.425344,-1893.958331,-1904.627239,-1754.03261
gdb_80736,CC1C2CC(OC12)C#N,4.14854,1.11098,1.08934,4.1495,75.44,-0.2626,0.0159,0.2786,1167.1647,0.14844,-401.948373,-401.940157,-401.939212,-401.981522,30.742,-1800.996011,-1811.838739,-1821.914023,-1678.919782
gdb_80743,OC1C2CC(OC12)C#C,4.18268,1.14781,1.12587,1.5889,72.94,-0.2421,0.026,0.2681,1118.0437,0.135639,-421.765977,-421.757998,-421.757054,-421.798604,31.029,-1698.811818,-1708.914712,-1718.397628,-1583.145594
gdb_80744,OC1C2CC(OC12)C#N,4.19088,1.15242,1.12938,2.5092,67.77,-0.2611,0.0063,0.2675,1091.2008,0.125138,-437.872066,-437.864344,-437.8634,-437.904641,29.172,-1616.779449,-1626.154433,-1635.044353,-1507.457968
gdb_80749,CC1C2CC(OC12)C=O,3.75294,1.17728,1.13626,2.9932,75.17,-0.2343,-0.0234,0.2109,1152.8029,0.158766,-423.020513,-423.012088,-423.011144,-423.053942,31.445,-1858.192828,-1869.79296,-1880.461868,-1729.658905
gdb_80755,OC1C2CC(OC12)C=O,3.78031,1.22561,1.1856,1.8421,67.44,-0.2425,-0.0299,0.2126,1073.7798,0.135567,-458.944915,-458.937024,-458.936079,-458.97769,29.804,-1674.42117,-1684.578658,-1694.060947,-1558.591794
gdb_82295,CC1(C)OC2CC2C1O,2.31157,1.68752,1.34264,1.3625,77.13,-0.237,0.0711,0.3081,1070.4235,0.181192,-424.218382,-424.209247,-424.208303,-424.251688,35.745,-1982.014787,-1994.946492,-2006.801392,-1840.032718
gdb_82302,CC1C2CC2OC1(C)C,2.18024,1.69277,1.3264,1.3256,84.03,-0.2233,0.078,0.3013,1119.246,0.204988,-388.290809,-388.281593,-388.280649,-388.323956,36.877,-2163.796614,-2178.455224,-2191.496116,-2008.599833
gdb_82338,CC1C2CC2OC1C#C,2.29192,1.68406,1.32638,1.5444,79.36,-0.2346,0.0366,0.2712,1052.6303,0.158738,-385.840948,-385.832557,-385.831612,-385.873584,32.952,-1882.190028,-1893.812122,-1904.480402,-1753.414513
gdb_82339,CC1C2CC2OC1C#N,2.30274,1.71038,1.34603,4.1804,74.13,-0.2556,0.0172,0.2728,1023.0877,0.148374,-401.94827,-401.940206,-401.939262,-401.980772,30.945,-1800.931377,-1811.869487,-1821.945399,-1678.449151
gdb_82351,OC1C2CC2OC1C#C,2.37975,1.69622,1.36086,0.9691,72.17,-0.2422,0.0254,0.2676,998.9064,0.135344,-421.766519,-421.758448,-421.757504,-421.798884,31.583,-1699.151927,-1709.197092,-1718.680008,-1583.321296
gdb_82352,OC1C2CC2OC1C#N,2.47244,1.68898,1.34488,4.1822,67.46,-0.2613,0.0082,0.2695,980.105,0.124612,-437.869764,-437.861876,-437.860932,-437.902466,29.732,-1615.334923,-1624.605741,-1633.495661,-1506.093136
gdb_82362,CC1C2CC2OC1C=O,2.14197,1.80768,1.36947,3.2678,74.25,-0.2338,-0.0273,0.2065,1029.94,0.15882,-423.018163,-423.009905,-423.00896,-423.05099,31.629,-1856.718182,-1868.423108,-1879.091388,-1727.806498
gdb_82368,OC1C2CC2OC1C=O,2.47649,1.66987,1.35945,2.1958,66.83,-0.2449,-0.0488,0.1962,987.0211,0.13535,-458.945507,-458.937602,-458.936658,-458.978296,30.189,-1674.792656,-1684.941359,-1694.424275,-1558.972064
gdb_83210,CC1C2OCC(C#C)C12,2.52281,1.49286,1.2267,1.0294,79.77,-0.232,0.0505,0.2825,1093.9,0.158732,-385.839229,-385.830384,-385.82944,-385.873295,32.954,-1881.11134,-1892.448545,-1903.117453,-1753.233163
gdb_83211,CC1C2OCC(C#N)C12,2.52703,1.52179,1.2479,3.1555,74.64,-0.2486,0.0308,0.2794,1059.5164,0.148596,-401.947323,-401.938896,-401.937952,-401.980941,30.808,-1800.337126,-1811.04745,-1821.123362,-1678.5552
gdb_83221,OC1C2OCC(C#C)C12,2.55066,1.62863,1.31248,2.0846,72.58,-0.2349,0.0446,0.2795,1010.674,0.135584,-421.761404,-421.753321,-421.752377,-421.794215,31.112,-1695.942219,-1705.979853,-1715.462769,-1580.391457
gdb_83222,OC1C2OCC(C#N)C12,2.58532,1.64745,1.33245,4.948,67.57,-0.2548,0.0261,0.2809,979.6185,0.125313,-437.86951,-437.861792,-437.860848,-437.902104,29.021,-1615.175536,-1624.55303,-1633.44295,-1505.865978
gdb_83224,CC1(C)COC2C(O)C12,2.46648,1.5751,1.36651,0.9412,76.8,-0.2324,0.0711,0.3036,1068.0548,0.181982,-424.210677,-424.201632,-424.200688,-424.243878,35.119,-1977.17983,-1990.168011,-2002.022911,-1835.131873
gdb_83227,CC1(O)COC2C(O)C12,2.51745,1.58693,1.38513,0.8698,69.85,-0.2353,0.0691,0.3043,1020.9823,0.158184,-460.137717,-460.128933,-460.127989,-460.170666,34.004,-1795.063541,-1806.437769,-1817.106677,-1665.972389
gdb_83233,CC1C2OCC(C)(C)C12,2.39965,1.50847,1.30223,1.4168,84.44,-0.2239,0.0776,0.3016,1142.1854,0.20544,-388.284373,-388.274981,-388.274037,-388.31785,36.529,-2159.757966,-2174.306135,-2187.347027,-2004.768263
gdb_83234,CC1C2OCC(C)(O)C12,2.43017,1.5648,1.34127,1.6747,77.53,-0.228,0.0656,0.2936,1084.958,0.181418,-424.212074,-424.202739,-424.201795,-424.246129,35.468,-1978.05646,-1990.862664,-2002.717564,-1836.544395
gdb_83248,CC12C(O)C1OCC2O,1.91109,1.78428,1.62769,2.0896,69.93,-0.2445,0.0726,0.3171,1001.6103,0.159514,-460.142784,-460.13444,-460.133496,-460.175263,32.788,-1798.243129,-1809.893461,-1820.562369,-1668.857048
gdb_83255,CC1C2OCC(C)C12C,1.77155,1.69464,1.47634,1.5041,84.72,-0.2217,0.0787,0.3003,1134.4069,0.205364,-388.287332,-388.277669,-388.276725,-388.321215,36.708,-2161.614765,-2175.992879,-2189.033771,-2006.879831
gdb_83256,CC1C2OCC(C)C12O,1.8043,1.70497,1.48774,1.2616,77.47,-0.2178,0.0709,0.2886,1088.7441,0.181716,-424.210377,-424.20103,-424.200086,-424.243972,35.525,-1976.991577,-1989.790251,-2001.645151,-1835.190859
gdb_83257,CC1C2OCC(O)C12C,1.79171,1.73287,1.59138,1.9206,78.26,-0.2312,0.0659,0.2972,1069.0284,0.181448,-424.211556,-424.202099,-424.201155,-424.24573,35.478,-1977.73141,-1990.461058,-2002.315958,-1836.294019
gdb_83258,CC1C2OCC(O)C12O,1.78798,1.76661,1.55,0.7027,70.2,-0.2292,0.0663,0.2955,1032.0515,0.157849,-460.133394,-460.124159,-460.123215,-460.167355,34.447,-1792.350819,-1803.442041,-1814.110949,-1663.894707
gdb_83261,CC1COC2C(O)C12C,1.8682,1.77946,1.50337,1.1112,77.08,-0.2311,0.0753,0.3064,1066.6846,0.181966,-424.213838,-424.204568,-424.203624,-424.247323,35.28,-1979.163386,-1992.010378,-2003.865278,-1837.293641
gdb_83262,CC1COC2C(O)C12O,1.8733,1.79374,1.52603,0.9306,69.87,-0.2301,0.0654,0.2955,1022.5736,0.158118,-460.13594,-460.126873,-460.125929,-460.169323,34.269,-1793.948457,-1805.1451,-1815.814008,-1665.129644
gdb_83269,OC1C2OCC(O)C12O,1.89524,1.82013,1.63393,3.2179,63.03,-0.2237,0.0457,0.2694,960.4436,0.135181,-496.058663,-496.050294,-496.04935,-496.091067,32.442,-1609.123211,-1618.980123,-1628.463039,-1492.805005
gdb_83312,CC1C2OCC(C=O)C12,2.40974,1.58581,1.30605,3.072,74.42,-0.2407,-0.0246,0.2161,1052.2656,0.158846,-423.018865,-423.010299,-423.009355,-423.052638,31.517,-1857.158694,-1868.670346,-1879.339254,-1728.840633
gdb_83318,OC1C2OCC(C=O)C12,2.59002,1.6567,1.38332,3.549,67.17,-0.2461,-0.0149,0.2313,973.9657,0.135842,-458.945751,-458.937964,-458.93702,-458.978203,29.656,-1674.945768,-1685.168517,-1694.651433,-1558.913706
gdb_83892,CC1C2CCOC12C#C,2.42297,1.52337,1.21606,1.8181,82.78,-0.2287,0.0383,0.267,1114.5874,0.158391,-385.846765,-385.838038,-385.837093,-385.879908,33.395,-1885.840248,-1897.251499,-1907.919779,-1757.38288
gdb_83893,CC1C2CCOC12C#N,2.41089,1.53992,1.2241,4.9334,76.99,-0.2599,0.0184,0.2783,1087.5006,0.148265,-401.953564,-401.945214,-401.94427,-401.986542,31.202,-1804.25341,-1815.012052,-1825.087964,-1682.069877
gdb_83896,CC1C2OCCC12C#C,2.46223,1.48109,1.18576,0.8066,82.38,-0.2348,0.0472,0.282,1123.8628,0.158417,-385.847523,-385.838744,-385.8378,-385.880752,33.46,-1886.315899,-1897.69452,-1908.363428,-1757.912498
gdb_83897,CC1C2OCCC12C#N,2.45028,1.49734,1.19434,3.5112,76.76,-0.2619,0.0272,0.2891,1095.8068,0.148395,-401.955478,-401.947116,-401.946172,-401.988482,31.174,-1805.454462,-1816.205574,-1826.281486,-1683.287245
gdb_83908,NC1C2CCOC12C#N,2.48567,1.53794,1.23636,4.0364,74.0,-0.2382,0.0141,0.2522,1056.7881,0.137775,-417.997354,-417.989309,-417.988365,-418.029873,30.546,-1683.127858,-1693.188709,-1702.671625,-1567.033673
gdb_83909,NC1C2OCCC12C#N,2.58569,1.4754,1.21143,3.9605,73.5,-0.2453,0.0315,0.2768,1065.2845,0.137385,-417.999844,-417.991449,-417.990504,-418.033244,30.915,-1684.690355,-1694.531579,-1704.013867,-1569.149005
gdb_83914,OC1C2CCOC12C#C,2.58753,1.51551,1.25153,1.8819,75.14,-0.2366,0.0257,0.2623,1054.5387,0.135394,-421.771623,-421.763543,-421.762599,-421.804001,31.573,-1702.354733,-1712.39425,-1721.877166,-1586.53226
gdb_83915,OC1C2CCOC12C#N,2.57079,1.532,1.25857,4.2162,69.54,-0.2662,0.0048,0.271,1028.2715,0.125148,-437.877016,-437.869286,-437.868342,-437.909243,29.466,-1619.885618,-1629.255582,-1638.145502,-1510.345765
gdb_83918,OC1C2OCCC12C#C,2.66647,1.47137,1.20826,1.4318,74.88,-0.2328,0.0426,0.2754,1066.6035,0.135593,-421.772179,-421.764118,-421.763174,-421.804521,31.54,-1702.703628,-1712.755068,-1722.237984,-1586.858564
gdb_83919,OC1C2OCCC12C#N,2.65279,1.48696,1.21685,3.7447,69.42,-0.2639,0.0222,0.2862,1038.789,0.125489,-437.879305,-437.871642,-437.870698,-437.911451,29.292,-1621.321986,-1630.733994,-1639.623914,-1511.731304
gdb_83923,CC1C2CCOC12C=O,2.38154,1.52795,1.21848,4.1217,77.22,-0.2396,-0.0159,0.2237,1105.6007,0.158865,-423.028108,-423.019541,-423.018597,-423.061413,31.902,-1862.958759,-1874.469784,-1885.138692,-1734.347025
gdb_83925,CC1C2OCCC12C=O,2.40001,1.48474,1.18094,2.0055,76.8,-0.2468,-0.0197,0.2271,1117.1512,0.158944,-423.030667,-423.02208,-423.021136,-423.064012,31.887,-1864.564555,-1876.06303,-1886.731938,-1735.977921
gdb_83931,OC1C2CCOC12C=O,2.51533,1.52693,1.25401,3.1909,69.66,-0.245,-0.0238,0.2212,1045.2371,0.135708,-458.952053,-458.94408,-458.943136,-458.984683,30.159,-1678.90033,-1689.006362,-1698.489278,-1562.979964
gdb_83933,OC1C2OCCC12C=O,2.57766,1.47463,1.19592,2.1004,69.48,-0.2482,-0.024,0.2242,1062.4151,0.135951,-458.953821,-458.945891,-458.944947,-458.986349,30.085,-1680.009765,-1690.142781,-1699.625697,-1564.025394
gdb_89379,CC1CC2(C)CC2(C)O1,2.49199,1.46908,1.15405,1.2737,85.67,-0.2198,0.0825,0.3023,1205.956,0.204385,-388.300534,-388.290854,-388.28991,-388.334647,37.354,-2169.899139,-2184.266585,-2197.307477,-2015.308532
gdb_89382,CC1CC2(O)CC2(C)O1,2.58311,1.46854,1.16655,1.9793,78.56,-0.2223,0.0761,0.2984,1155.9324,0.180634,-424.223941,-424.214481,-424.213537,-424.258847,36.219,-1985.503109,-1998.230874,-2010.085775,-1844.525055
gdb_89417,CC1OC2(C)CC2C1C,2.62234,1.43269,1.15022,1.2614,85.0,-0.2212,0.0799,0.3011,1203.3484,0.205087,-388.294548,-388.285154,-388.28421,-388.328051,36.873,-2166.14287,-2180.689784,-2193.730676,-2011.169483
gdb_89418,CC1OC2(C)CC2C1O,2.65146,1.48662,1.12987,1.5182,78.15,-0.2357,0.0704,0.3061,1160.0704,0.181221,-424.222341,-424.213029,-424.212085,-424.256022,35.752,-1984.499095,-1997.319731,-2009.174631,-1842.752342
gdb_90455,CC1CC2C(O1)C2(C)C,3.46717,1.12856,1.10803,1.3315,85.64,-0.2263,0.0839,0.3103,1270.9542,0.205159,-388.29411,-388.28467,-388.283726,-388.32794,36.563,-2165.868021,-2180.38607,-2193.426962,-2011.099829
gdb_90456,CC1CC2C(O1)C2(C)O,3.52888,1.13161,1.11211,0.5111,78.12,-0.222,0.0742,0.2962,1220.2489,0.181294,-424.218499,-424.209313,-424.208369,-424.252066,35.511,-1982.088205,-1994.987908,-2006.842808,-1840.269916
gdb_90463,CC1CC2C(O1)C2C#C,2.71028,1.38208,1.201,1.4741,81.14,-0.2241,0.0466,0.2707,1128.0231,0.158748,-385.850881,-385.842372,-385.841428,-385.883976,32.937,-1888.423075,-1899.971123,-1910.640031,-1759.935587
gdb_90464,CC1CC2C(O1)C2C#N,2.72481,1.40275,1.21902,4.2508,75.75,-0.2487,0.0279,0.2766,1095.8739,0.148617,-401.959254,-401.95114,-401.950196,-401.992119,30.756,-1807.823936,-1818.73067,-1828.806582,-1685.569495
gdb_90474,CC1CC2C(O1)C2C=O,3.33011,1.08292,1.03528,3.809,76.97,-0.2374,-0.0191,0.2182,1243.2413,0.158916,-423.027561,-423.019033,-423.018089,-423.061249,31.752,-1862.615512,-1874.15101,-1884.819918,-1734.244113
gdb_91811,CC1OC2CC2(C)C1C,2.32991,1.61096,1.20289,1.4443,84.37,-0.2216,0.0763,0.2979,1161.9302,0.205263,-388.290854,-388.281471,-388.280526,-388.324317,36.779,-2163.824852,-2178.378668,-2191.418933,-2008.826364
gdb_91812,CC1OC2CC2(C)C1O,2.55509,1.49149,1.21495,1.3683,77.96,-0.2377,0.069,0.3067,1134.4997,0.181274,-424.218744,-424.209424,-424.20848,-424.252475,35.7,-1982.241945,-1995.057561,-2006.912461,-1840.526568
gdb_91813,CC1OC2CC2(O)C1C,2.34557,1.63994,1.21353,1.3525,77.11,-0.219,0.0694,0.2884,1110.9415,0.181618,-424.213347,-424.204296,-424.203351,-424.246471,35.588,-1978.855279,-1991.839695,-2003.693968,-1836.759004
gdb_91814,CC1OC2CC2(O)C1O,2.65989,1.48504,1.23688,1.9434,70.83,-0.2356,0.0677,0.3034,1081.5754,0.157777,-460.140785,-460.131948,-460.131004,-460.173787,34.36,-1796.988738,-1808.329708,-1818.998616,-1667.930845
gdb_91827,CC1CC2(CC2O1)C#C,3.50826,1.17028,1.01307,0.8311,82.68,-0.2355,0.0465,0.2821,1227.9683,0.158148,-385.852117,-385.843516,-385.842572,-385.885145,33.561,-1889.198676,-1900.688993,-1911.357901,-1760.669145
gdb_91828,CC1CC2(CC2O1)C#N,3.71106,1.15945,1.04903,3.83,76.82,-0.2533,0.0276,0.2809,1180.452,0.148139,-401.95853,-401.950219,-401.949275,-401.992048,31.306,-1807.36962,-1818.152734,-1828.228646,-1685.524942
gdb_91832,CC1CC2CC2(O1)C#C,3.11974,1.26521,1.05665,1.7727,82.95,-0.23,0.0386,0.2686,1200.3284,0.158109,-385.851422,-385.842865,-385.841921,-385.884381,33.497,-1888.762557,-1900.280485,-1910.949393,-1760.189728
gdb_91833,CC1CC2CC2(O1)C#N,3.13051,1.27129,1.06179,4.8792,77.23,-0.2611,0.0185,0.2796,1172.5054,0.147938,-401.958032,-401.949851,-401.948906,-401.990817,31.33,-1807.05712,-1817.921811,-1827.997095,-1684.752478
gdb_91854,CC1CC2(CC2O1)C=O,2.96103,1.27106,1.02339,1.8349,77.08,-0.2479,-0.0207,0.2272,1203.3376,0.15857,-423.035145,-423.026725,-423.02578,-423.068285,32.054,-1867.37454,-1878.977809,-1889.64609,-1738.659267
gdb_91856,CC1CC2CC2(O1)C=O,3.58564,1.17271,1.02871,3.2308,76.91,-0.2426,-0.0245,0.2181,1210.0242,0.158357,-423.036081,-423.0276,-423.026656,-423.069239,32.191,-1867.961889,-1879.526879,-1890.195787,-1739.25791
gdb_91943,CC1OC2CC2C1(C)C,2.00937,1.72751,1.43701,1.35,83.9,-0.2237,0.0811,0.3048,1102.0246,0.205302,-388.287159,-388.278014,-388.27707,-388.32013,36.718,-2161.506206,-2176.20937,-2189.250262,-2006.198984
gdb_91944,CC1OC2CC2C1(C)O,2.04518,1.76046,1.43435,1.8896,76.96,-0.2261,0.0698,0.2959,1060.0304,0.181305,-424.21475,-424.205756,-424.204812,-424.247679,35.724,-1979.735674,-1992.755858,-2004.610758,-1837.517034
gdb_91980,CC1OC2CC2C1C#C,2.53772,1.58515,1.20117,0.921,79.66,-0.2324,0.05,0.2824,1084.1959,0.158444,-385.842992,-385.83444,-385.833496,-385.876211,33.169,-1883.472656,-1894.993721,-1905.662629,-1755.062979
gdb_91981,CC1OC2CC2C1C#N,2.53706,1.61339,1.2145,3.0635,74.54,-0.2488,0.0309,0.2797,1053.9783,0.148287,-401.951409,-401.943248,-401.942304,-401.984442,31.01,-1802.901128,-1813.778369,-1823.854281,-1680.752109
gdb_92005,CC1OC2CC2C1C=O,2.56161,1.44975,1.12756,1.9518,74.92,-0.237,-0.0261,0.2108,1122.7941,0.158731,-423.020062,-423.01161,-423.010666,-423.053573,31.917,-1857.909822,-1869.493011,-1880.161919,-1729.427354
gdb_94670,CC12CC1(C)C(O)CO2,2.15275,1.74298,1.32742,1.0654,77.75,-0.2269,0.073,0.2999,1081.5219,0.181668,-424.223305,-424.21416,-424.213216,-424.256432,35.708,-1985.104014,-1998.029444,-2009.884344,-1843.009621
gdb_94672,CC12CC1(O)C(O)CO2,2.18999,1.78627,1.37267,0.8148,70.55,-0.2183,0.0598,0.2782,1025.3604,0.158399,-460.148319,-460.139688,-460.138744,-460.180936,34.037,-1801.716391,-1813.186628,-1823.855536,-1672.416907
gdb_94681,CC1COC2(C)CC12C,2.36562,1.6056,1.17766,1.3651,85.09,-0.2207,0.0802,0.3009,1172.9928,0.204821,-388.298493,-388.288956,-388.288012,-388.331902,37.195,-2168.618393,-2183.075573,-2196.116465,-2013.58602
gdb_94682,CC1COC2(C)CC12O,2.42803,1.62307,1.19601,2.1383,78.04,-0.2218,0.0672,0.289,1124.9367,0.181062,-424.221782,-424.212467,-424.211523,-424.255032,36.119,-1984.148317,-1996.967071,-2008.821971,-1842.131108
gdb_94750,CC1COC2(CC12)C#C,3.8473,1.15585,1.03519,1.9757,82.57,-0.2254,0.0369,0.2623,1213.2411,0.15851,-385.846768,-385.838257,-385.837313,-385.879489,33.365,-1885.84213,-1897.388923,-1908.057831,-1757.119954
gdb_94751,CC1COC2(CC12)C#N,3.83186,1.16355,1.04025,5.216,76.79,-0.2533,0.0163,0.2696,1184.2479,0.14835,-401.952878,-401.944735,-401.943791,-401.985437,31.206,-1803.822939,-1814.711475,-1824.787387,-1681.37648
gdb_94768,OC1COC2(CC12)C#C,3.94165,1.17026,1.04088,1.68,75.23,-0.2306,0.0295,0.26,1156.2761,0.134808,-421.768221,-421.759888,-421.758943,-421.800908,32.206,-1700.219948,-1710.100704,-1719.582993,-1584.591374
gdb_94769,OC1COC2(CC12)C#N,3.92602,1.17908,1.04632,4.9755,69.54,-0.2583,0.0092,0.2675,1127.1275,0.124562,-437.873819,-437.865827,-437.864883,-437.906387,30.096,-1617.879472,-1627.085029,-1635.974949,-1508.553599
gdb_94774,CC1COC2(CC12)C=O,3.71347,1.15955,1.02556,4.4369,77.17,-0.2423,-0.017,0.2253,1209.9097,0.158704,-423.027954,-423.019532,-423.018588,-423.060934,32.038,-1862.862123,-1874.464137,-1885.133045,-1734.046448
gdb_94781,OC1COC2(CC12)C=O,3.81796,1.17238,1.02899,3.7853,69.83,-0.2462,-0.021,0.2252,1152.624,0.135017,-458.949099,-458.940861,-458.939917,-458.982024,30.889,-1677.046668,-1686.98641,-1696.469326,-1561.311418
gdb_94911,CC1COC2C(C#C)C12,2.11209,1.70163,1.36771,1.5839,80.55,-0.2256,0.0446,0.2702,1055.606,0.15917,-385.844713,-385.836292,-385.835347,-385.877408,32.783,-1884.552599,-1896.155868,-1906.824148,-1755.814108
gdb_94912,CC1COC2C(C#N)C12,2.11319,1.74518,1.39192,4.3561,75.05,-0.2502,0.0261,0.2763,1023.5868,0.149011,-401.953219,-401.945187,-401.944243,-401.985728,30.599,-1804.036919,-1814.995109,-1825.071021,-1681.559085
gdb_94920,OC1COC2C(C#C)C12,2.14473,1.8069,1.43891,1.1095,73.12,-0.2361,0.0318,0.2679,982.0505,0.135816,-421.77063,-421.762609,-421.761665,-421.803043,31.214,-1701.731617,-1711.808156,-1721.291072,-1585.931106
gdb_94921,OC1COC2C(C#N)C12,2.13907,1.8558,1.46193,3.8614,67.66,-0.2598,0.0134,0.2732,952.7804,0.125512,-437.877532,-437.869846,-437.868902,-437.909829,29.153,-1620.209413,-1629.606988,-1638.496908,-1510.713485
gdb_94926,CC1COC2C(C=O)C12,2.30171,1.43406,1.16778,3.7422,76.16,-0.2382,-0.0203,0.2178,1137.171,0.159178,-423.021454,-423.012959,-423.012015,-423.054912,31.651,-1858.783314,-1870.33952,-1881.008428,-1730.267589
gdb_94932,OC1COC2C(C=O)C12,2.55211,1.51352,1.24755,4.2897,68.85,-0.2341,-0.0134,0.2207,1041.0938,0.135758,-458.946919,-458.938875,-458.937931,-458.979886,30.144,-1675.678698,-1685.740178,-1695.223094,-1559.969804
gdb_94935,CC1(C)C2OCC(O)C12,2.50896,1.48594,1.27275,1.8306,78.65,-0.2305,0.0649,0.2954,1115.7176,0.181671,-424.210883,-424.201667,-424.200723,-424.244418,35.262,-1977.309097,-1990.189974,-2002.044874,-1835.470728
gdb_94937,CC1(O)C2OCC(O)C12,2.52762,1.47572,1.26825,1.4234,70.73,-0.2334,0.0674,0.3008,1073.2081,0.158205,-460.135437,-460.126607,-460.125663,-460.168512,34.079,-1793.63282,-1804.978183,-1815.647091,-1664.620735
gdb_94940,CC1COC2C1C2(C)C,2.61506,1.29221,1.13085,1.4504,85.76,-0.2295,0.0892,0.3188,1248.4111,0.205142,-388.289924,-388.280403,-388.279459,-388.323644,36.617,-2163.241269,-2177.708489,-2190.749381,-2008.40405
gdb_94941,CC1COC2C1C2(C)O,2.64544,1.30118,1.13344,0.513,78.32,-0.2247,0.0745,0.2993,1200.0792,0.181414,-424.214198,-424.205004,-424.20406,-424.247564,35.497,-1979.389289,-1992.283972,-2004.138872,-1837.444871
gdb_95096,CC1COC2CC12C#C,2.41573,1.55254,1.16377,1.0799,81.5,-0.2271,0.0477,0.2747,1117.5777,0.15864,-385.84918,-385.840633,-385.839688,-385.881951,33.42,-1887.355682,-1898.879885,-1909.548165,-1758.664881
gdb_95097,CC1COC2CC12C#N,2.40664,1.56811,1.17017,3.7251,75.97,-0.2537,0.0278,0.2815,1091.4011,0.148572,-401.956852,-401.948707,-401.947763,-401.989425,31.164,-1806.316659,-1817.203941,-1827.279853,-1683.878986
gdb_95118,OC1COC2CC12C#C,2.49861,1.54337,1.18135,1.3518,74.71,-0.2319,0.0372,0.2691,1071.284,0.135223,-421.772858,-421.764605,-421.76366,-421.805483,32.052,-1703.129707,-1713.060664,-1722.542953,-1587.462228
gdb_95119,OC1COC2CC12C#N,2.48941,1.55645,1.18872,2.4589,69.31,-0.2582,0.018,0.2762,1045.1913,0.125084,-437.880056,-437.872197,-437.871253,-437.912479,29.823,-1621.793245,-1631.082261,-1639.972181,-1512.376384
gdb_95124,CC1COC2CC12C=O,2.46783,1.51623,1.13188,2.8969,76.09,-0.2417,-0.0228,0.2189,1121.8105,0.158869,-423.031008,-423.022575,-423.02163,-423.063925,32.019,-1864.778535,-1876.373647,-1887.041927,-1735.923327
gdb_95132,OC1COC2CC12C=O,2.52423,1.5183,1.13988,2.0124,68.86,-0.2503,-0.029,0.2213,1076.0262,0.135225,-458.953486,-458.945259,-458.944315,-458.986324,30.855,-1679.79955,-1689.746195,-1699.229111,-1564.009707
gdb_103485,CC1(CO)C2CCOC12,2.96092,1.21392,1.11648,2.4896,78.07,-0.2292,0.0655,0.2948,1203.9262,0.182496,-424.208002,-424.198884,-424.19794,-424.241657,34.538,-1975.501243,-1988.443617,-2000.298517,-1833.738175
gdb_103489,CCC1(C)C2CCOC12,2.46869,1.40156,1.16794,1.4048,85.27,-0.2288,0.0857,0.3145,1209.199,0.206067,-388.286335,-388.276994,-388.27605,-388.320359,35.724,-2160.989139,-2175.56931,-2188.610202,-2006.342683
gdb_103493,CCC1(O)C2CCOC12,2.67419,1.32398,1.15016,0.4862,77.98,-0.226,0.0722,0.2982,1185.7,0.182258,-424.212083,-424.203037,-424.202093,-424.245798,34.632,-1978.062108,-1991.049661,-2002.904562,-1836.33669
gdb_103497,COC1(C)C2CCOC12,2.46128,1.59654,1.31124,0.8103,77.88,-0.215,0.082,0.297,1091.5263,0.182138,-424.203784,-424.194666,-424.193721,-424.237309,34.186,-1972.854411,-1985.796784,-1997.651056,-1831.009766
gdb_103501,OCC1(O)C2CCOC12,2.87797,1.29486,1.14986,2.2111,71.15,-0.2207,0.0621,0.2828,1139.1407,0.159106,-460.133978,-460.125289,-460.124345,-460.167188,33.079,-1792.717284,-1804.151126,-1814.820034,-1663.789913
gdb_104022,CC1(CO)CC2CC2O1,2.95282,1.2947,1.19692,2.3757,77.29,-0.2379,0.0776,0.3156,1150.2244,0.182523,-424.21824,-424.209554,-424.20861,-424.251358,34.283,-1981.925681,-1995.139138,-2006.994038,-1839.82564
gdb_104028,CCC1(C)CC2CC2O1,3.03042,1.22082,1.14114,1.3082,84.69,-0.2307,0.0811,0.3118,1235.2604,0.205528,-388.292064,-388.282924,-388.28198,-388.325647,36.033,-2164.584138,-2179.290439,-2192.331331,-2009.660951
gdb_104037,COC1(C)CC2CC2O1,2.69741,1.50598,1.30406,0.5582,77.57,-0.2375,0.0898,0.3273,1094.9663,0.181872,-424.219394,-424.210598,-424.209654,-424.25239,34.374,-1982.649826,-1995.794257,-2007.649157,-1840.473229
gdb_104298,CC1(CO)COC2CC12,2.83143,1.34881,1.18662,1.9453,77.0,-0.2265,0.0703,0.2967,1138.5164,0.182571,-424.208714,-424.199825,-424.198881,-424.241755,34.631,-1975.94803,-1989.034103,-2000.889003,-1833.799671
gdb_104305,CCC1(C)COC2CC12,2.74439,1.26843,1.20184,1.4597,83.87,-0.2262,0.0812,0.3074,1204.7776,0.206034,-388.284775,-388.275725,-388.27478,-388.317971,35.862,-2160.010225,-2174.773002,-2187.813266,-2004.844192
gdb_104313,CCC1(O)COC2CC12,2.89126,1.27289,1.20504,1.8844,76.97,-0.2282,0.0625,0.2907,1164.4952,0.181921,-424.212324,-424.203365,-424.202421,-424.245566,34.927,-1978.213337,-1991.255484,-2003.110384,-1836.191108
gdb_104318,COC1(C)COC2CC12,2.80449,1.34734,1.26566,1.156,77.38,-0.23,0.0849,0.3149,1129.7908,0.181761,-424.200476,-424.191561,-424.190617,-424.233721,34.43,-1970.778611,-1983.848368,-1995.703268,-1828.758264
gdb_104326,OCC1(O)COC2CC12,3.01477,1.2918,1.21571,3.3336,70.11,-0.2264,0.0573,0.2837,1103.4312,0.159102,-460.137108,-460.128645,-460.127701,-460.169858,33.126,-1794.681388,-1806.257046,-1816.925954,-1665.465362
gdb_106797,CC12CC1(CO)CCO2,2.47217,1.42117,1.08612,0.9586,78.04,-0.2281,0.0752,0.3033,1187.2201,0.182415,-424.217521,-424.20848,-424.207536,-424.250908,34.894,-1981.474502,-1994.465193,-2006.320093,-1839.543261
gdb_106799,CC12CC1(CO)OCC2,2.37726,1.50191,1.1088,2.5317,78.05,-0.232,0.0803,0.3123,1175.269,0.182565,-424.217691,-424.208666,-424.207722,-424.251144,34.77,-1981.581178,-1994.58191,-2006.43681,-1839.691353
gdb_106806,CCC12CC1(C)CCO2,2.3542,1.48874,1.10378,1.2953,85.54,-0.221,0.0836,0.3046,1230.2335,0.205625,-388.296383,-388.287028,-388.286084,-388.330012,36.314,-2167.294349,-2181.865736,-2194.906628,-2012.400028
gdb_106808,CCC12CC1(C)OCC2,2.44919,1.41428,1.08149,1.31,85.29,-0.2207,0.083,0.3037,1242.5869,0.205625,-388.295806,-388.286461,-388.285516,-388.329429,36.306,-2166.932277,-2181.509938,-2194.550203,-2012.03419
gdb_106811,CCC12CC1(O)CCO2,2.40446,1.50404,1.11996,2.1315,78.36,-0.2228,0.0746,0.2974,1179.5972,0.18182,-424.219407,-424.210284,-424.20934,-424.252904,35.239,-1982.657984,-1995.597219,-2007.452119,-1840.795769
gdb_106818,COC12CC1(C)OCC2,2.49821,1.5217,1.1493,1.9647,78.6,-0.2235,0.0874,0.3109,1157.5446,0.181427,-424.209367,-424.200177,-424.199233,-424.242917,34.877,-1976.357793,-1989.254986,-2001.109886,-1834.528837
gdb_106822,OCC12CC1(O)CCO2,2.62188,1.56189,1.20138,1.6286,70.4,-0.2226,0.0496,0.2722,1074.7833,0.159202,-460.139939,-460.131469,-460.130525,-460.172562,33.289,-1796.457866,-1808.029132,-1818.69804,-1667.162146
gdb_107050,CC1COC2(CO)CC12,3.85205,1.08448,0.9679,2.5388,77.96,-0.235,0.0831,0.3182,1291.1041,0.182732,-424.215483,-424.206505,-424.205561,-424.249068,34.455,-1980.195638,-1993.225863,-2005.080763,-1838.388644
gdb_107055,CCC12CC1C(C)CO2,3.79032,1.07871,0.966,1.2911,85.43,-0.2239,0.0862,0.3102,1350.7606,0.205782,-388.2941,-388.28478,-388.283836,-388.327894,36.002,-2165.861746,-2180.455096,-2193.495988,-2011.070964
gdb_107058,CCC12CC1C(O)CO2,3.85078,1.09043,0.97303,1.2098,78.32,-0.229,0.066,0.295,1290.6144,0.182164,-424.216036,-424.206921,-424.205977,-424.249743,34.825,-1980.542651,-1993.486906,-2005.341806,-1838.812213
gdb_107068,OCC12CC1C(O)CO2,3.91622,1.09608,0.9747,2.7882,70.92,-0.2399,0.0579,0.2978,1231.401,0.159065,-460.137091,-460.128309,-460.127365,-460.170603,33.293,-1794.67072,-1806.046203,-1816.715111,-1665.932856
gdb_107396,CC1CC2(CO)CC2O1,3.19211,1.11717,0.94898,0.4882,78.38,-0.2379,0.0769,0.3148,1307.8536,0.182321,-424.215363,-424.206341,-424.205397,-424.24915,34.57,-1980.120337,-1993.122951,-2004.977851,-1838.4401
gdb_107398,CC1CC2CC2(CO)O1,2.47757,1.39497,1.1011,1.6704,78.17,-0.2389,0.0749,0.3137,1202.3553,0.182419,-424.219993,-424.211041,-424.210097,-424.253741,34.464,-1983.025704,-1996.072244,-2007.927144,-1841.320994
gdb_107407,CCC12CC1CC(C)O2,2.76135,1.24592,1.00177,1.2643,85.81,-0.2293,0.0826,0.3119,1317.397,0.205504,-388.29735,-388.288018,-388.287074,-388.331354,36.058,-2167.90115,-2182.48697,-2195.527862,-2013.242145
gdb_107409,CCC12CC1OC(C)C2,3.17385,1.11,0.94621,1.4635,85.6,-0.231,0.0848,0.3157,1366.3597,0.205441,-388.293494,-388.28414,-388.283196,-388.32756,36.034,-2165.481476,-2180.05349,-2193.094382,-2010.861376
gdb_107415,COC12CC1OC(C)C2,3.38681,1.14926,0.98518,1.8591,78.91,-0.2347,0.0895,0.3242,1287.7175,0.181324,-424.206105,-424.197009,-424.196065,-424.239857,34.575,-1974.310859,-1987.267037,-1999.121937,-1832.608659
gdb_107618,CC1COC2CC12CO,2.45185,1.4784,1.11021,1.884,77.72,-0.2272,0.0685,0.2957,1163.1427,0.182543,-424.21064,-424.201602,-424.200658,-424.244126,34.582,-1977.156612,-1990.149186,-2002.004086,-1835.287495
gdb_107625,CCC12CC1OCC2C,2.40011,1.44413,1.08705,1.4974,84.26,-0.2234,0.0766,0.2999,1228.9181,0.205866,-388.288358,-388.279026,-388.278082,-388.322302,35.957,-2162.25859,-2176.844409,-2189.885301,-2007.561933
gdb_107626,CCC12CC1OCC2O,2.48282,1.47051,1.11437,1.3186,77.09,-0.2316,0.0654,0.2971,1169.6774,0.182445,-424.214074,-424.205059,-424.204115,-424.247548,34.689,-1979.311478,-1992.318485,-2004.173385,-1837.434831
gdb_107636,COC12CC1OCC2C,2.42627,1.54088,1.13793,2.1538,77.5,-0.2246,0.0766,0.3012,1155.5018,0.181695,-424.200884,-424.19174,-424.190796,-424.234601,34.535,-1971.034634,-1983.960692,-1995.815592,-1829.310472
gdb_107637,COC12CC1OCC2O,2.49892,1.56624,1.16496,1.7917,70.32,-0.2318,0.0601,0.2918,1098.8842,0.158375,-460.125552,-460.116776,-460.115832,-460.158769,33.215,-1787.429894,-1798.809142,-1809.47805,-1658.506915
gdb_107639,OCC12CC1OCC2O,2.58086,1.50078,1.13582,2.2908,70.42,-0.2373,0.0483,0.2856,1103.2344,0.159483,-460.135434,-460.126842,-460.125898,-460.168519,32.981,-1793.630938,-1805.125647,-1815.794555,-1664.625127
gdb_108571,CC1C2CCOC12CO,2.32117,1.44831,1.18919,2.5092,78.05,-0.2384,0.0738,0.3122,1162.9823,0.182827,-424.214079,-424.204982,-424.204038,-424.247936,34.296,-1979.314616,-1992.270166,-2004.125067,-1837.678304
gdb_108573,CC1C2OCCC12CO,2.3678,1.45936,1.16076,2.5615,78.3,-0.2298,0.0704,0.3002,1163.4966,0.182391,-424.209594,-424.200315,-424.199371,-424.24363,34.571,-1976.500238,-1989.341582,-2001.196482,-1834.976251
gdb_108578,CCC12CCOC1C2C,2.35543,1.3717,1.13287,1.494,85.01,-0.2303,0.083,0.3133,1237.6134,0.205739,-388.288357,-388.278851,-388.277907,-388.322581,35.886,-2162.257962,-2176.734595,-2189.775487,-2007.737008
gdb_108579,CCC12CCOC1C2O,2.524,1.36577,1.15624,1.8847,77.48,-0.233,0.0789,0.3119,1181.3103,0.182803,-424.213303,-424.20444,-424.203496,-424.246676,34.123,-1978.827669,-1991.930057,-2003.784957,-1836.887643
gdb_108583,CCC12OCCC1C2C,2.30859,1.43081,1.17854,1.2908,85.33,-0.2287,0.0794,0.3081,1218.6448,0.205893,-388.292233,-388.282796,-388.281852,-388.326264,35.875,-2164.690187,-2179.210118,-2192.25101,-2010.048124
gdb_108584,CCC12OCCC1C2O,2.45209,1.42629,1.21467,1.876,77.78,-0.2329,0.0743,0.3072,1158.4055,0.182748,-424.217787,-424.208892,-424.207948,-424.251224,34.2,-1981.641419,-1994.723727,-2006.578627,-1839.741554
gdb_108591,COC12CCOC1C2C,2.38594,1.46805,1.18265,1.9143,78.22,-0.2328,0.0843,0.3171,1162.3558,0.181691,-424.201215,-424.19197,-424.191026,-424.235098,34.409,-1971.24234,-1984.105019,-1995.959919,-1829.622344
gdb_108592,COC12CCOC1C2O,2.5602,1.46013,1.20781,1.4314,70.71,-0.2296,0.0731,0.3027,1106.0863,0.158666,-460.125137,-460.116472,-460.115527,-460.158341,32.698,-1787.169477,-1798.618379,-1809.28666,-1658.238341
gdb_108596,OCC12CCOC1C2O,2.53903,1.37611,1.15897,0.9634,70.37,-0.2412,0.0736,0.3148,1127.5938,0.159575,-460.135191,-460.126624,-460.12568,-460.168357,32.7,-1793.478453,-1804.98885,-1815.657758,-1664.523471
gdb_108598,OCC12OCCC1C2O,2.47512,1.42903,1.21173,0.9955,70.45,-0.2358,0.0624,0.2982,1109.3107,0.159515,-460.137029,-460.128411,-460.127467,-460.170275,32.826,-1794.631814,-1806.110209,-1816.779117,-1665.727033
gdb_110873,CC1CC2C(CO)C2O1,2.35596,1.49398,1.1983,2.986,77.36,-0.2455,0.0722,0.3176,1142.2372,0.183528,-424.212322,-424.203659,-424.202715,-424.245984,33.472,-1978.212082,-1991.439972,-2003.294872,-1836.453407
gdb_110877,CCC1C2CC(C)OC12,2.57806,1.2236,1.06386,1.3031,85.55,-0.2318,0.0831,0.3149,1299.4926,0.206039,-388.290706,-388.281435,-388.28049,-388.325085,35.46,-2163.731981,-2178.356078,-2191.396342,-2009.308291
gdb_110883,COC1C2CC(C)OC12,2.42088,1.50375,1.2401,0.7583,78.33,-0.2226,0.0801,0.3027,1135.5406,0.182275,-424.204296,-424.195341,-424.194397,-424.238323,33.645,-1973.175695,-1986.220352,-1998.075252,-1831.64606
gdb_111494,CC1OC2CC2C1CO,2.64528,1.38547,1.10496,2.4474,77.16,-0.2238,0.0704,0.2942,1169.3014,0.182891,-424.207058,-424.198217,-424.197273,-424.240337,34.295,-1974.908875,-1988.025068,-1999.879968,-1832.909863
gdb_111498,CCC1C2CC2OC1C,2.33559,1.43551,1.07594,1.3987,84.25,-0.224,0.0791,0.3031,1242.2569,0.206255,-388.285182,-388.276048,-388.275104,-388.318877,35.583,-2160.265621,-2174.975687,-2188.016579,-2005.412715
gdb_111506,COC1C2CC2OC1C,2.41266,1.58589,1.11337,2.0452,78.57,-0.2306,0.0743,0.3049,1163.2436,0.181934,-424.201978,-424.192993,-424.192049,-424.235784,33.974,-1971.721129,-1984.746961,-1996.601861,-1830.052815
gdb_111681,CC1COC2C(CO)C12,2.43015,1.37358,1.26402,2.8743,76.99,-0.238,0.0711,0.3092,1139.8013,0.183843,-424.204649,-424.195881,-424.194937,-424.238436,33.48,-1973.397206,-1986.559207,-1998.414107,-1831.716969
gdb_111687,CCC1C2OCC(C)C12,2.39609,1.29142,1.12858,1.4401,84.94,-0.2243,0.0801,0.3043,1260.8506,0.206366,-388.283061,-388.273689,-388.272745,-388.317663,35.391,-2158.934674,-2173.495393,-2186.536285,-2004.650919
gdb_111688,CCC1C2OCC(O)C12,2.47888,1.35696,1.17871,1.9347,78.3,-0.2335,0.0652,0.2987,1182.5473,0.182572,-424.207103,-424.198026,-424.197082,-424.241318,34.129,-1974.937113,-1987.905214,-1999.760114,-1833.52545
gdb_111694,COC1C2OCC(C)C12,2.34833,1.50904,1.31786,0.8157,77.89,-0.2165,0.0789,0.2954,1115.5945,0.182768,-424.199393,-424.190494,-424.18955,-424.23287,33.544,-1970.099018,-1983.178816,-1995.033716,-1828.224254
gdb_111695,COC1C2OCC(O)C12,2.28775,1.65615,1.27429,1.9,70.55,-0.2347,0.0634,0.2981,1065.7137,0.159378,-460.121393,-460.11283,-460.111886,-460.154775,32.085,-1784.820084,-1796.332991,-1807.001899,-1656.000644
gdb_111698,OCC1C2OCC(O)C12,2.49458,1.38096,1.21233,3.0768,70.49,-0.245,0.0621,0.3071,1111.9502,0.159704,-460.131028,-460.122335,-460.121391,-460.164989,32.589,-1790.866133,-1802.297464,-1812.966372,-1662.41002
gdb_111844,CC12CCOC1C2CO,2.36993,1.48155,1.16323,3.0005,77.67,-0.2415,0.0769,0.3185,1158.1274,0.183107,-424.210316,-424.201315,-424.20037,-424.244279,34.021,-1976.953299,-1989.969091,-2001.823363,-1835.383504
gdb_111846,CC12OCCC1C2CO,2.07923,1.58823,1.34183,2.9081,77.55,-0.2389,0.0731,0.312,1110.1068,0.183041,-424.214099,-424.205082,-424.204138,-424.24814,34.036,-1979.327166,-1992.332917,-2004.187817,-1837.806316
gdb_111850,CCC1C2CCOC12C,2.34329,1.36964,1.1096,1.2715,85.56,-0.2275,0.0803,0.3077,1257.2152,0.205811,-388.291537,-388.282122,-388.281178,-388.325551,35.897,-2164.253441,-2178.787177,-2191.828069,-2009.60071
gdb_111853,CCC1C2OCCC12C,2.28748,1.37609,1.08875,1.4798,85.63,-0.2298,0.0882,0.318,1269.4256,0.205886,-388.288466,-388.27899,-388.278046,-388.322943,35.804,-2162.326361,-2176.821818,-2189.86271,-2007.964167
gdb_111854,CCC1C2OCCC12O,2.31429,1.38984,1.09585,1.4402,78.26,-0.2288,0.0727,0.3015,1220.1739,0.182072,-424.210513,-424.201338,-424.200394,-424.244633,34.728,-1977.076919,-1989.983524,-2001.838424,-1835.605642
gdb_111859,COC1C2CCOC12C,2.35539,1.5084,1.21171,2.2427,78.86,-0.2223,0.0757,0.298,1155.4511,0.18198,-424.204623,-424.195465,-424.19452,-424.238288,34.23,-1973.380891,-1986.298163,-1998.152436,-1831.624097
gdb_111862,COC1C2OCCC12C,2.33208,1.55897,1.23239,0.8676,78.47,-0.2128,0.0855,0.2984,1138.0885,0.182153,-424.202646,-424.193471,-424.192527,-424.236383,34.139,-1972.140305,-1985.04691,-1996.90181,-1830.428693
gdb_111863,COC1C2OCCC12O,2.35702,1.56926,1.23908,1.5032,71.01,-0.2162,0.073,0.2892,1090.0839,0.158421,-460.12432,-460.115429,-460.114485,-460.157812,33.04,-1786.656802,-1797.963887,-1808.632795,-1657.906388
gdb_111867,OCC1C2OCCC12O,2.37999,1.50287,1.17051,3.3528,70.35,-0.2392,0.0637,0.3029,1108.5945,0.159292,-460.131853,-460.123161,-460.122217,-460.165529,32.916,-1791.383828,-1802.815787,-1813.484695,-1662.748875
gdb_114334,CC1C2CC(CO)OC12,3.00836,1.13468,1.07272,2.4987,77.99,-0.2417,0.0768,0.3185,1244.7896,0.183128,-424.213197,-424.204331,-424.203387,-424.246943,33.836,-1978.761153,-1991.861658,-2003.716558,-1837.055188
gdb_114337,CCC1CC2C(C)C2O1,3.02749,1.10327,1.04964,1.2594,85.54,-0.2325,0.0823,0.3148,1321.1371,0.206067,-388.290871,-388.281588,-388.280644,-388.324976,35.479,-2163.83552,-2178.452087,-2191.492979,-2009.239892
gdb_114339,CCC1CC2C(O)C2O1,3.12473,1.15128,1.09285,1.8084,77.8,-0.2354,0.0721,0.3075,1239.7978,0.182906,-424.216088,-424.207383,-424.206439,-424.249639,33.738,-1980.575281,-1993.776816,-2005.631716,-1838.746952
gdb_114344,COC1CC2C(C)C2O1,2.74499,1.33648,1.20884,0.795,78.56,-0.2342,0.0833,0.3175,1161.7497,0.182649,-424.214084,-424.205142,-424.204198,-424.247819,33.634,-1979.317753,-1992.370568,-2004.225468,-1837.604886
gdb_114347,COC1CC2C(O)C2O1,2.67848,1.50902,1.32105,2.1721,70.81,-0.2218,0.0742,0.2961,1054.8118,0.159729,-460.140647,-460.132388,-460.131444,-460.173474,31.675,-1796.902142,-1808.605812,-1819.27472,-1667.734434
gdb_114349,OCC1CC2C(O)C2O1,3.1285,1.17624,1.11349,2.0361,70.31,-0.2433,0.0635,0.3069,1168.6685,0.159818,-460.137781,-460.12943,-460.128485,-460.171014,32.244,-1795.103701,-1806.749641,-1817.417921,-1666.190762
gdb_114687,CC12CC1CC(CO)O2,2.85651,1.24354,1.05928,2.6442,78.13,-0.2342,0.0789,0.3131,1230.0328,0.182567,-424.220091,-424.211206,-424.210261,-424.253664,34.372,-1983.0872,-1996.175782,-2008.030055,-1841.272676
gdb_114688,CC12CC1OC(CO)C2,3.76908,1.07049,0.9826,2.7468,78.09,-0.2346,0.0833,0.3179,1287.8661,0.182612,-424.216576,-424.207651,-424.206707,-424.250338,34.32,-1980.881506,-1993.944988,-2005.799888,-1839.185581
gdb_114691,CCC1CC2(C)CC2O1,3.77964,1.01351,0.91623,1.4176,86.02,-0.2311,0.0899,0.321,1408.9899,0.205375,-388.293985,-388.284593,-388.283649,-388.328139,36.076,-2165.789583,-2180.337751,-2193.378643,-2011.224703
gdb_114692,CCC1CC2(O)CC2O1,3.88566,1.01541,0.91893,1.9666,78.8,-0.2342,0.0761,0.3102,1355.1477,0.181691,-424.216054,-424.206969,-424.206025,-424.249899,34.96,-1980.553946,-1993.517027,-2005.371927,-1838.910104
gdb_114694,CCC1CC2CC2(C)O1,2.86746,1.20077,1.02692,1.2097,85.62,-0.2231,0.0845,0.3076,1310.7616,0.205326,-388.296704,-388.287258,-388.286314,-388.331314,36.159,-2167.49578,-2182.010063,-2195.050955,-2013.217044
gdb_114698,COC1CC2(C)CC2O1,3.70454,1.14894,1.08013,0.6289,78.72,-0.236,0.0915,0.3275,1235.6737,0.182202,-424.219952,-424.211029,-424.210085,-424.253293,34.096,-1982.999976,-1996.064713,-2007.919613,-1841.03987
gdb_114699,COC1CC2(O)CC2O1,3.7664,1.15531,1.08704,1.2713,71.29,-0.2382,0.0766,0.3148,1179.9424,0.158504,-460.141746,-460.133141,-460.132197,-460.17477,32.977,-1797.591774,-1809.078327,-1819.747235,-1668.547686
gdb_114701,COC1CC2CC2(C)O1,2.93582,1.30505,1.14837,0.5702,78.74,-0.2356,0.0884,0.324,1189.1196,0.182141,-424.223563,-424.214675,-424.213731,-424.256845,34.142,-1985.265911,-1998.352611,-2010.207511,-1843.268782
gdb_114706,OCC1CC2(O)CC2O1,3.83193,1.07727,0.98979,2.8322,70.79,-0.2367,0.0692,0.3059,1230.2288,0.158853,-460.138456,-460.129836,-460.128892,-460.171897,33.222,-1795.52727,-1807.004409,-1817.673317,-1666.744853
gdb_114733,CC1C2CC2OC1CO,2.30399,1.51795,1.12408,2.7449,76.96,-0.2361,0.0757,0.3118,1163.2896,0.183307,-424.209544,-424.200876,-424.199931,-424.242733,33.876,-1976.468862,-1989.693615,-2001.547887,-1834.413375
gdb_114742,CCC1OC2CC2C1C,2.29528,1.47268,1.10122,1.4047,84.48,-0.2248,0.0811,0.3058,1231.9931,0.206144,-388.286013,-388.276855,-388.27591,-388.31974,35.642,-2160.787081,-2175.482087,-2188.522351,-2005.954255
gdb_114743,CCC1OC2CC2C1O,2.82645,1.32934,1.04746,1.7172,78.21,-0.2341,0.066,0.3,1222.0617,0.1825,-424.213332,-424.204475,-424.203531,-424.246822,34.216,-1978.845866,-1991.952019,-2003.806919,-1836.979259
gdb_114752,COC1OC2CC2C1C,2.27077,1.66052,1.22886,0.5195,77.87,-0.2379,0.0844,0.3224,1121.6682,0.182657,-424.215228,-424.206428,-424.205484,-424.248466,33.706,-1980.035624,-1993.177544,-2005.032445,-1838.010884
gdb_114753,COC1OC2CC2C1O,2.34626,1.6683,1.249,1.3742,70.48,-0.2427,0.0787,0.3213,1070.5646,0.159439,-460.140845,-460.132383,-460.131439,-460.173873,32.265,-1797.026389,-1808.602675,-1819.271583,-1667.98481
gdb_114758,OCC1OC2CC2C1O,2.44131,1.49635,1.12398,3.0842,69.87,-0.2447,0.0575,0.3021,1119.8916,0.159605,-460.135184,-460.12666,-460.125716,-460.168644,32.705,-1793.47406,-1805.011441,-1815.680349,-1664.703566
gdb_115789,CC12CC1C(CO)CO2,3.8779,1.04565,0.9343,2.396,78.28,-0.2238,0.0738,0.2977,1319.1327,0.182277,-424.214619,-424.205533,-424.204589,-424.248214,34.74,-1979.653471,-1992.615924,-2004.470824,-1837.852752
gdb_115799,CCC1COC2(C)CC12,3.80055,1.03209,0.92444,1.3638,85.39,-0.2233,0.0854,0.3087,1389.6845,0.205669,-388.29329,-388.283978,-388.283034,-388.327062,36.036,-2165.353464,-2179.951833,-2192.992725,-2010.548876
gdb_115808,COC1COC2(C)CC12,3.91488,1.08918,0.96896,1.0595,78.99,-0.2286,0.0823,0.3108,1302.3924,0.181608,-424.207049,-424.19792,-424.196976,-424.24083,34.44,-1974.903227,-1987.838698,-1999.693598,-1833.219225
gdb_115842,CC1C2OCC(CO)C12,2.63342,1.25524,1.09902,2.4339,77.61,-0.2248,0.0717,0.2965,1209.0506,0.183021,-424.203865,-424.194764,-424.19382,-424.237734,34.109,-1972.905239,-1985.85828,-1997.71318,-1831.276457
gdb_115845,CCC1COC2C(C)C12,2.60081,1.23323,1.08177,1.5061,84.65,-0.2242,0.0778,0.302,1276.7057,0.20637,-388.282386,-388.27303,-388.272085,-388.31648,35.432,-2158.511106,-2173.081865,-2186.122129,-2003.908576
gdb_115846,CCC1COC2C(O)C12,2.76433,1.26252,1.13344,1.0496,77.09,-0.2346,0.0753,0.3099,1201.2296,0.182997,-424.208459,-424.199521,-424.198577,-424.242141,33.941,-1975.788015,-1988.84334,-2000.69824,-1834.04189
gdb_115856,COC1COC2C(C)C12,2.53807,1.43582,1.18484,1.79,78.67,-0.2333,0.0768,0.3101,1157.8752,0.182235,-424.198268,-424.189198,-424.188254,-424.232201,33.7,-1969.393071,-1982.365564,-1994.220464,-1827.80445
gdb_115857,COC1COC2C(O)C12,2.7497,1.43794,1.23122,3.0277,70.82,-0.2236,0.0668,0.2904,1090.2308,0.159343,-460.123187,-460.114733,-460.113789,-460.156203,32.012,-1785.945835,-1797.527141,-1808.196049,-1656.896726
gdb_115862,OCC1COC2C(O)C12,2.79446,1.29322,1.15718,1.1811,69.93,-0.2376,0.0724,0.31,1130.6343,0.159544,-460.130511,-460.121761,-460.120817,-460.164231,32.643,-1790.541711,-1801.937274,-1812.606182,-1661.934369
gdb_115866,CC12CC1OCC2CO,2.41041,1.36746,1.03815,1.0317,77.12,-0.229,0.0636,0.2926,1221.2491,0.182501,-424.209788,-424.200707,-424.199763,-424.243413,34.676,-1976.621975,-1989.587566,-2001.442466,-1834.840081
gdb_115875,CCC1COC2CC12C,2.38893,1.3628,1.03624,1.5666,84.57,-0.2232,0.0798,0.303,1277.5883,0.205857,-388.289457,-388.280163,-388.279219,-388.323189,35.933,-2162.948222,-2177.557886,-2190.598778,-2008.118534
gdb_115876,CCC1COC2CC12O,2.45348,1.36403,1.04099,2.3964,77.38,-0.2252,0.0676,0.2928,1232.9781,0.182028,-424.211711,-424.202656,-424.201711,-424.245273,34.885,-1977.828674,-1990.810581,-2002.664853,-1836.007248
gdb_115886,COC1COC2CC12C,2.40596,1.4699,1.09835,1.3148,78.26,-0.2279,0.0776,0.3055,1193.8129,0.181801,-424.203568,-424.19443,-424.193486,-424.237348,34.348,-1972.718869,-1985.648692,-1997.503592,-1831.034239
gdb_115887,COC1COC2CC12O,2.47621,1.47032,1.10494,2.0085,70.97,-0.2304,0.0742,0.3046,1148.9819,0.158168,-460.125803,-460.116984,-460.11604,-460.159304,33.173,-1787.587398,-1798.939664,-1809.608572,-1658.842632
gdb_115893,OCC1COC2CC12O,2.48557,1.38277,1.05388,3.508,70.41,-0.2259,0.0654,0.2913,1169.3908,0.158638,-460.132283,-460.123463,-460.122519,-460.165641,33.584,-1791.653657,-1803.005294,-1813.674202,-1662.819156
gdb_119605,CCCC12CC1CCO2,3.83242,0.93143,0.85239,1.1889,85.81,-0.2241,0.0862,0.3103,1490.3614,0.206277,-388.292225,-388.283015,-388.282071,-388.326435,35.233,-2164.685167,-2179.347542,-2192.388434,-2010.155428
gdb_119607,CCCC12CC1OCC2,3.9884,0.88133,0.81509,1.5099,85.18,-0.2233,0.0852,0.3085,1524.7976,0.20631,-388.288083,-388.278858,-388.277913,-388.322393,35.18,-2162.086025,-2176.738987,-2189.779252,-2007.619037
gdb_119614,CCOC12CC1OCC2,4.11004,0.95995,0.88611,2.1293,78.67,-0.2261,0.0887,0.3148,1401.6762,0.182089,-424.205615,-424.196651,-424.195707,-424.239637,33.801,-1974.003379,-1987.042389,-1998.897289,-1832.470607
gdb_119616,COCC12CC1CCO2,3.99078,0.99248,0.91542,0.6641,79.14,-0.2255,0.0875,0.313,1373.9174,0.182515,-424.203657,-424.194669,-424.193725,-424.237781,33.433,-1972.774717,-1985.798666,-1997.653566,-1831.30595
gdb_119618,COCC12CC1OCC2,4.07389,0.93946,0.86211,1.4424,79.11,-0.2286,0.0835,0.3122,1418.5313,0.18258,-424.201071,-424.192112,-424.191168,-424.235208,33.333,-1971.151979,-1984.194126,-1996.049026,-1829.69137
gdb_119626,OCCC12CC1CCO2,3.91016,0.93003,0.85156,1.3405,78.37,-0.2269,0.0821,0.309,1422.4967,0.182868,-424.212405,-424.203393,-424.202449,-424.246483,33.985,-1978.264166,-1991.273055,-2003.127955,-1836.766534
gdb_119628,OCCC12CC1OCC2,4.07166,0.879,0.81397,2.3609,77.88,-0.226,0.0775,0.3035,1456.1947,0.18292,-424.208119,-424.199118,-424.198174,-424.242221,33.905,-1975.574662,-1988.590454,-2000.445354,-1834.09209
gdb_120319,CCCC1C2CCOC12,3.1774,0.94063,0.90034,1.3806,85.5,-0.2319,0.086,0.3179,1469.8891,0.206675,-388.284006,-388.274745,-388.273801,-388.318992,34.618,-2159.52767,-2174.158043,-2187.198935,-2005.484879
gdb_120324,CCOC1C2CCOC12,3.0335,1.10487,1.04802,2.3477,78.48,-0.2246,0.0734,0.298,1287.2771,0.182819,-424.201344,-424.192451,-424.191506,-424.235601,32.968,-1971.323289,-1984.406851,-1996.261124,-1829.937981
gdb_120329,COCC1C2CCOC12,3.3665,0.96777,0.92999,1.9915,79.1,-0.2361,0.0838,0.3199,1391.2986,0.182907,-424.195224,-424.186243,-424.185298,-424.229871,32.806,-1967.482933,-1980.511275,-1992.365548,-1826.342354
gdb_120334,OCCC1C2CCOC12,3.194,0.95967,0.91636,1.269,78.17,-0.2333,0.081,0.3143,1386.435,0.183267,-424.204182,-424.195101,-424.194157,-424.239217,33.354,-1973.104159,-1986.06975,-1997.92465,-1832.207053
gdb_120959,CCCC1CC2CC2O1,4.38344,0.82525,0.77002,1.3113,86.03,-0.2332,0.0878,0.3211,1601.7427,0.206231,-388.289071,-388.279897,-388.278953,-388.323612,34.909,-2162.706003,-2177.390969,-2190.431861,-2008.38397
gdb_120963,CCOC1CC2CC2O1,3.40698,1.04954,1.02035,0.4986,78.53,-0.2385,0.0901,0.3286,1312.3168,0.182909,-424.220003,-424.211319,-424.210375,-424.253883,33.009,-1983.031979,-1996.246691,-2008.101591,-1841.4101
gdb_120968,COCC1CC2CC2O1,3.86914,0.92014,0.88895,1.0677,78.6,-0.2294,0.0867,0.3161,1419.9862,0.182457,-424.200219,-424.191209,-424.190265,-424.234875,33.198,-1970.617341,-1983.627485,-1995.482385,-1829.482409
gdb_120972,OCCC1CC2CC2O1,4.51299,0.82223,0.76631,1.3548,78.69,-0.236,0.0821,0.3181,1533.2579,0.182825,-424.209152,-424.200183,-424.199239,-424.243538,33.655,-1976.222879,-1989.258751,-2001.113651,-1834.91852
gdb_121255,CCCC1COC2CC12,3.87597,0.86591,0.78033,1.5006,84.85,-0.2261,0.0829,0.3091,1562.526,0.206618,-388.284538,-388.27543,-388.274486,-388.318774,34.803,-2159.861505,-2174.587886,-2187.628778,-2005.348082
gdb_121263,CCOC1COC2CC12,3.89973,0.95666,0.85278,1.2725,78.61,-0.2307,0.0806,0.3113,1428.2459,0.18247,-424.203491,-424.194574,-424.19363,-424.237829,33.265,-1972.67055,-1985.739053,-1997.593953,-1831.336071
gdb_121270,COCC1COC2CC12,3.97343,0.92891,0.8328,2.2247,78.44,-0.2276,0.0845,0.3121,1442.7495,0.182846,-424.198626,-424.189758,-424.188814,-424.232743,33.02,-1969.617719,-1982.716969,-1994.571869,-1828.14456
gdb_121278,OCCC1COC2CC12,3.96161,0.86342,0.77729,1.2948,77.67,-0.2283,0.0762,0.3045,1494.6572,0.183205,-424.204359,-424.195479,-424.194535,-424.238406,33.52,-1973.215228,-1986.306948,-1998.161848,-1831.698143
